week_start,category,revenue,cogs,units,n_orders,n_days,is_partial_week
2012-07-02,Casual,266385.95999999996,204886.4944683596,47,10,5,True
2012-07-02,GenZ,173844.34,144124.73171802357,121,26,5,True
2012-07-02,Outdoor,975925.82,790094.8101526285,491,91,5,True
2012-07-02,Streetwear,14541977.53,11428967.645726796,1745,387,5,True
2012-07-09,Casual,437785.54000000004,368967.0152151217,120,27,7,False
2012-07-09,GenZ,538502.32,428711.2460887901,344,74,7,False
2012-07-09,Outdoor,3990014.68,3175701.113041509,2130,354,7,False
2012-07-09,Streetwear,28213723.74,22029375.18037264,3880,842,7,False
2012-07-16,Casual,804625.07,670571.5521772539,202,44,7,False
2012-07-16,GenZ,720706.2,568884.5079232987,478,106,7,False
2012-07-16,Outdoor,4651637.48,3736410.936907579,2633,432,7,False
2012-07-16,Streetwear,25140368.85,19766418.78948958,3567,779,7,False
2012-07-23,Casual,587706.39,492683.9169712442,170,37,7,False
2012-07-23,GenZ,578029.88,445588.3355726119,343,72,7,False
2012-07-23,Outdoor,5409249.22,4174271.0731944735,2870,487,7,False
2012-07-23,Streetwear,27638537.4,21752815.810533535,3895,895,7,False
2012-07-30,Casual,1137124.0,892298.033295085,252,52,7,False
2012-07-30,GenZ,761862.4,602229.4522593211,487,111,7,False
2012-07-30,Outdoor,7537870.12,5865601.524033704,3748,652,7,False
2012-07-30,Streetwear,43182370.04,33893636.891468436,5905,1298,7,False
2012-08-06,Casual,255864.28,192310.18239477172,63,13,7,False
2012-08-06,GenZ,445028.27,353920.5963696285,234,52,7,False
2012-08-06,Outdoor,3064579.17,2408947.083441091,1757,297,7,False
2012-08-06,Streetwear,18734313.13,14889708.683709208,2443,537,7,False
2012-08-13,Casual,200429.63,162461.1550097394,54,14,7,False
2012-08-13,GenZ,436537.55,324206.27251809154,288,55,7,False
2012-08-13,Outdoor,4912651.11,3793221.837358728,2438,395,7,False
2012-08-13,Streetwear,22886336.01,18331881.09349045,3004,667,7,False
2012-08-20,Casual,514094.36,427806.01045904885,103,20,7,False
2012-08-20,GenZ,496163.24,372987.9616718543,276,66,7,False
2012-08-20,Outdoor,5198985.97,4049292.273165799,2508,436,7,False
2012-08-20,Streetwear,24063440.72,18993019.467561767,3308,728,7,False
2012-08-27,Casual,860306.09,710034.7618988304,202,51,7,False
2012-08-27,GenZ,793524.7,613269.913736927,513,116,7,False
2012-08-27,Outdoor,10230908.24,7799068.353883283,4811,827,7,False
2012-08-27,Streetwear,40261912.73,31931838.068939157,5521,1196,7,False
2012-09-03,Casual,344932.31,286664.99087142816,84,16,7,False
2012-09-03,GenZ,332581.22000000003,263061.0390636108,209,45,7,False
2012-09-03,Outdoor,4242508.52,3333833.9226887664,2027,346,7,False
2012-09-03,Streetwear,19255105.39,15144638.541632913,2372,535,7,False
2012-09-10,Casual,445534.01,349881.67082283995,102,22,7,False
2012-09-10,GenZ,318354.12,232150.55963454643,213,45,7,False
2012-09-10,Outdoor,4967347.54,3865092.026761776,2181,369,7,False
2012-09-10,Streetwear,20571246.76,16358483.773356253,2537,548,7,False
2012-09-17,Casual,306097.2,259422.780580846,95,22,7,False
2012-09-17,GenZ,374886.03,304022.962726819,239,58,7,False
2012-09-17,Outdoor,5942586.11,4708148.558095183,2736,475,7,False
2012-09-17,Streetwear,22644924.48,18163189.075228028,2810,630,7,False
2012-09-24,Casual,661817.34,547919.5896422719,174,42,7,False
2012-09-24,GenZ,482148.82,357192.6197183064,265,65,7,False
2012-09-24,Outdoor,8958650.33,7035550.75555941,4224,733,7,False
2012-09-24,Streetwear,28311105.28,22702469.50546996,3727,846,7,False
2012-10-01,Casual,452893.39,382455.2392771689,89,18,7,False
2012-10-01,GenZ,163716.13999999998,143909.6965953911,93,19,7,False
2012-10-01,Outdoor,3433999.13,2677833.2015837124,1534,265,7,False
2012-10-01,Streetwear,18109147.06,14337382.232673367,2130,484,7,False
2012-10-08,Casual,309361.46,280543.90236376965,88,21,7,False
2012-10-08,GenZ,271321.75,222178.16660793932,182,41,7,False
2012-10-08,Outdoor,4335693.46,3411178.0199054573,2053,347,7,False
2012-10-08,Streetwear,18623306.69,15053334.947340764,2180,475,7,False
2012-10-15,Casual,430797.29,378098.32312279637,94,22,7,False
2012-10-15,GenZ,212330.68,165281.257151863,125,33,7,False
2012-10-15,Outdoor,4222170.93,3305480.103702021,2011,343,7,False
2012-10-15,Streetwear,17161840.52,13876884.146743173,2094,462,7,False
2012-10-22,Casual,205036.34,179963.2751049966,61,12,7,False
2012-10-22,GenZ,378740.89,289693.99585785874,231,50,7,False
2012-10-22,Outdoor,6177532.27,4846323.899488204,2922,499,7,False
2012-10-22,Streetwear,18983314.57,15288364.314980064,2360,510,7,False
2012-10-29,Casual,647355.95,526509.5752752676,160,36,7,False
2012-10-29,GenZ,238222.24,174332.66957428496,169,33,7,False
2012-10-29,Outdoor,6486487.57,5033465.797055405,3156,523,7,False
2012-10-29,Streetwear,22386686.91,17753551.411917817,2594,553,7,False
2012-11-05,Casual,210197.25,184673.37777853414,59,18,7,False
2012-11-05,GenZ,142604.39,98313.16122031269,104,20,7,False
2012-11-05,Outdoor,4473287.34,3547345.3665263313,1933,333,7,False
2012-11-05,Streetwear,15643564.2,12471439.162184862,1742,399,7,False
2012-11-12,Casual,471473.62,330445.0004523755,73,17,7,False
2012-11-12,GenZ,203115.02,140593.27563687038,119,26,7,False
2012-11-12,Outdoor,5831152.37,4552546.147172981,2905,495,7,False
2012-11-12,Streetwear,16762293.47,13323628.597791832,1916,431,7,False
2012-11-19,Casual,300953.68,254668.24034588685,73,15,7,False
2012-11-19,GenZ,84779.63,61451.72395075216,52,12,7,False
2012-11-19,Outdoor,5915591.41,4618774.965055964,2898,491,7,False
2012-11-19,Streetwear,16492134.35,13095721.086635059,1957,443,7,False
2012-11-26,Casual,444630.14,371071.3248503119,104,25,7,False
2012-11-26,GenZ,259928.23,202411.27431134373,171,36,7,False
2012-11-26,Outdoor,8030065.1,6282693.354614718,4814,804,7,False
2012-11-26,Streetwear,14706596.35,11913145.753950888,1772,399,7,False
2012-12-03,Casual,275814.54000000004,191883.73886987718,56,13,7,False
2012-12-03,GenZ,106859.29,84546.75109621469,56,14,7,False
2012-12-03,Outdoor,4597773.05,3621401.6044550785,2353,393,7,False
2012-12-03,Streetwear,11320557.7,9045020.016123896,1231,280,7,False
2012-12-10,Casual,246729.33000000002,181820.63863961067,48,13,7,False
2012-12-10,GenZ,163697.07,114959.0850014315,102,21,7,False
2012-12-10,Outdoor,7870982.81,6284599.784608735,4912,829,7,False
2012-12-10,Streetwear,14203370.13,11320767.717694353,1698,368,7,False
2012-12-17,Casual,134144.05,119072.48452601998,44,14,7,False
2012-12-17,GenZ,356884.56,298776.2507546653,219,50,7,False
2012-12-17,Outdoor,10675922.37,8444482.72476346,7163,1217,7,False
2012-12-17,Streetwear,14543644.33,11686736.075241067,1691,371,7,False
2012-12-24,Casual,661471.98,515173.4190281141,153,35,7,False
2012-12-24,GenZ,438834.14,336068.6129152112,279,54,7,False
2012-12-24,Outdoor,17529123.73,13722837.052049214,11899,1941,7,False
2012-12-24,Streetwear,20792720.29,16587932.281150524,2454,525,7,False
2012-12-31,Casual,424426.14,315099.39914793137,100,23,7,False
2012-12-31,GenZ,129668.26,100897.06448561394,95,21,7,False
2012-12-31,Outdoor,6717716.36,5374953.121730971,3856,626,7,False
2012-12-31,Streetwear,14984820.65,11845232.458315609,1653,348,7,False
2013-01-07,Casual,358418.22000000003,240673.88425039203,58,15,7,False
2013-01-07,GenZ,144063.28,119981.34298220863,95,19,7,False
2013-01-07,Outdoor,3175408.25,2416789.6509220474,1404,243,7,False
2013-01-07,Streetwear,14741351.62,11752526.343398158,1693,363,7,False
2013-01-14,Casual,393338.74,329821.0027932156,92,18,7,False
2013-01-14,GenZ,188402.52,141855.82302661063,121,25,7,False
2013-01-14,Outdoor,4236925.86,3381680.9161630794,1927,347,7,False
2013-01-14,Streetwear,11917579.4,9594903.804052925,1412,313,7,False
2013-01-21,Casual,372064.38,317961.05117040745,76,16,7,False
2013-01-21,GenZ,163039.75,129493.0862985364,105,20,7,False
2013-01-21,Outdoor,6377655.63,5072603.191472015,2736,440,7,False
2013-01-21,Streetwear,15039989.16,12123999.35530139,1821,408,7,False
2013-01-28,Casual,436516.46,357700.05019258877,89,23,7,False
2013-01-28,GenZ,137034.61,100197.65575146374,85,17,7,False
2013-01-28,Outdoor,6540757.83,5456892.87796448,2958,520,7,False
2013-01-28,Streetwear,19572221.55,15781229.229581716,2528,560,7,False
2013-02-04,Casual,181548.92,157662.64845662774,55,15,7,False
2013-02-04,GenZ,70257.34,55436.73098158773,52,12,7,False
2013-02-04,Outdoor,4111275.86,3862629.5597446375,2122,368,7,False
2013-02-04,Streetwear,17204289.94,13671983.699765373,2010,440,7,False
2013-02-11,Casual,539383.99,430440.907063444,113,22,7,False
2013-02-11,GenZ,137696.26,99540.94763991209,95,22,7,False
2013-02-11,Outdoor,4859884.05,4578497.966175832,2642,470,7,False
2013-02-11,Streetwear,18697198.9,14905043.471514897,2231,501,7,False
2013-02-18,Casual,655486.58,480987.32288050535,131,30,7,False
2013-02-18,GenZ,229336.19,162108.69401586938,129,27,7,False
2013-02-18,Outdoor,6016000.95,5618192.626576231,3142,545,7,False
2013-02-18,Streetwear,21936713.49,17227046.176292688,2666,623,7,False
2013-02-25,Casual,912018.42,709213.481922513,184,48,7,False
2013-02-25,GenZ,270455.37,186607.70522459352,139,35,7,False
2013-02-25,Outdoor,7711132.43,7313523.122227297,4221,724,7,False
2013-02-25,Streetwear,22014686.06,17328774.564973015,2847,653,7,False
2013-03-04,Casual,384017.22,310260.1568387444,98,21,7,False
2013-03-04,GenZ,181638.72,153367.8536473435,89,18,7,False
2013-03-04,Outdoor,4200637.55,3437318.624718266,1876,313,7,False
2013-03-04,Streetwear,16749106.34,13274171.60284833,1956,444,7,False
2013-03-11,Casual,480396.66,396465.17201648274,129,28,7,False
2013-03-11,GenZ,381433.88,290041.17235307227,213,48,7,False
2013-03-11,Outdoor,6051670.82,4804484.978103552,2836,475,7,False
2013-03-11,Streetwear,24340588.97,19288253.202367354,3169,680,7,False
2013-03-18,Casual,760028.24,674184.7162822508,213,44,7,False
2013-03-18,GenZ,354135.98,296399.0088802759,216,48,7,False
2013-03-18,Outdoor,7405757.27,6551163.087454914,4167,703,7,False
2013-03-18,Streetwear,30741318.21,26980694.451342754,4602,993,7,False
2013-03-25,Casual,1111264.77,1052888.2151716559,310,68,7,False
2013-03-25,GenZ,717780.65,592407.5670583651,401,92,7,False
2013-03-25,Outdoor,9930748.77,8967138.886375163,5600,934,7,False
2013-03-25,Streetwear,43110933.99,38829267.888140894,6906,1519,7,False
2013-04-01,Casual,939830.61,875521.5495395329,241,53,7,False
2013-04-01,GenZ,599715.62,528377.8453797124,354,75,7,False
2013-04-01,Outdoor,6904917.26,6136238.300831588,3974,715,7,False
2013-04-01,Streetwear,32792455.34,29031217.34460155,5276,1174,7,False
2013-04-08,Casual,517141.12,464709.952387153,140,33,7,False
2013-04-08,GenZ,453771.44,399708.85423866694,286,65,7,False
2013-04-08,Outdoor,5373952.54,4757163.976022739,3093,515,7,False
2013-04-08,Streetwear,26878902.49,24113985.66431305,4078,882,7,False
2013-04-15,Casual,459217.42,379433.16951814893,110,23,7,False
2013-04-15,GenZ,766008.18,595648.815103586,418,96,7,False
2013-04-15,Outdoor,7251478.22,5943405.229532729,3689,671,7,False
2013-04-15,Streetwear,35426487.28,28623578.14616047,4834,1062,7,False
2013-04-22,Casual,1045117.46,896831.3299053017,285,55,7,False
2013-04-22,GenZ,839024.3099999999,627923.2114875306,446,98,7,False
2013-04-22,Outdoor,10338837.63,8105974.421690248,5226,865,7,False
2013-04-22,Streetwear,43988666.09,34835972.17524026,6308,1424,7,False
2013-04-29,Casual,1506546.98,1212013.6729675594,333,70,7,False
2013-04-29,GenZ,1101563.2,818308.9906932542,587,125,7,False
2013-04-29,Outdoor,11080183.02,8860920.366567694,5812,1014,7,False
2013-04-29,Streetwear,50199450.17,40122027.62841032,7297,1623,7,False
2013-05-06,Casual,351598.36,309688.56912919943,95,19,7,False
2013-05-06,GenZ,496019.81,395738.6453833408,297,62,7,False
2013-05-06,Outdoor,5164548.02,4128722.048662,2697,437,7,False
2013-05-06,Streetwear,26271691.86,20708669.11774621,3577,807,7,False
2013-05-13,Casual,770274.31,646410.9474059085,179,38,7,False
2013-05-13,GenZ,581032.68,431370.76398046373,396,90,7,False
2013-05-13,Outdoor,6246682.88,5023854.4876162065,3283,560,7,False
2013-05-13,Streetwear,33895396.54,27032609.77480492,4642,1005,7,False
2013-05-20,Casual,476782.68,401885.1478599363,125,29,7,False
2013-05-20,GenZ,592669.96,470949.1179459795,329,73,7,False
2013-05-20,Outdoor,6701010.93,5296462.862582154,3570,589,7,False
2013-05-20,Streetwear,34741731.26,27606392.45396314,4781,1058,7,False
2013-05-27,Casual,1230376.28,1061000.025140448,328,69,7,False
2013-05-27,GenZ,1348247.09,1034073.1490633115,717,153,7,False
2013-05-27,Outdoor,11067855.03,8573561.652654242,6101,1052,7,False
2013-05-27,Streetwear,56270381.1,44815980.95600933,7794,1716,7,False
2013-06-03,Casual,496206.63,434309.6307018288,137,33,7,False
2013-06-03,GenZ,773638.85,615089.6859572626,427,98,7,False
2013-06-03,Outdoor,5843105.98,4573095.020325141,3090,533,7,False
2013-06-03,Streetwear,31620814.75,25292729.687347453,4252,940,7,False
2013-06-10,Casual,531803.65,391542.12226071535,135,30,7,False
2013-06-10,GenZ,838140.2,650679.4107274238,421,97,7,False
2013-06-10,Outdoor,5787505.81,4623274.264485997,3138,528,7,False
2013-06-10,Streetwear,32209960.71,25733172.64972919,4234,928,7,False
2013-06-17,Casual,816873.32,636344.0790135077,169,36,7,False
2013-06-17,GenZ,819244.34,629283.8504128262,430,92,7,False
2013-06-17,Outdoor,5415239.74,4328915.8988723345,2962,523,7,False
2013-06-17,Streetwear,36380745.91,29412208.55527891,4770,1057,7,False
2013-06-24,Casual,566960.03,527799.3587553042,181,45,7,False
2013-06-24,GenZ,884806.51,822449.0402514177,520,109,7,False
2013-06-24,Outdoor,6655653.53,6323808.693901214,4568,783,7,False
2013-06-24,Streetwear,43634404.98,41382644.57913399,7358,1613,7,False
2013-07-01,Casual,504656.33,457849.4223312821,132,28,7,False
2013-07-01,GenZ,536816.74,518786.9170752979,339,78,7,False
2013-07-01,Outdoor,3700271.26,3595969.4338900787,2412,406,7,False
2013-07-01,Streetwear,27291941.69,26595596.80512611,4427,955,7,False
2013-07-08,Casual,368388.89,385051.1375961515,112,24,7,False
2013-07-08,GenZ,634932.47,577856.6081851759,405,91,7,False
2013-07-08,Outdoor,4355346.32,4230840.627391232,2871,490,7,False
2013-07-08,Streetwear,26175338.32,25575383.058569096,4086,897,7,False
2013-07-15,Casual,468490.93,475125.70284179336,140,30,7,False
2013-07-15,GenZ,792942.26,763127.9782120138,546,116,7,False
2013-07-15,Outdoor,4671744.53,4489007.587617199,3425,556,7,False
2013-07-15,Streetwear,28922246.61,27407460.608721364,4657,1012,7,False
2013-07-22,Casual,623936.77,479307.76151754515,143,29,7,False
2013-07-22,GenZ,717288.03,566419.0714446504,373,84,7,False
2013-07-22,Outdoor,4976720.7,3923746.667043943,2929,494,7,False
2013-07-22,Streetwear,35030196.85,28478852.61464682,4657,1017,7,False
2013-07-29,Casual,867499.83,693660.7899761439,194,51,7,False
2013-07-29,GenZ,1273716.27,1008437.8393925175,661,137,7,False
2013-07-29,Outdoor,7770161.5,6015600.8499725,4605,758,7,False
2013-07-29,Streetwear,45105182.2,53451868.67421362,8759,1932,7,False
2013-08-05,Casual,383783.87,288875.62588780845,84,16,7,False
2013-08-05,GenZ,723995.33,576927.7424254646,377,77,7,False
2013-08-05,Outdoor,3982222.34,3073462.6315186056,2052,353,7,False
2013-08-05,Streetwear,11788166.17,18896635.339884322,3061,691,7,False
2013-08-12,Casual,320916.04,263440.7701143864,83,21,7,False
2013-08-12,GenZ,744396.61,598021.3314273676,408,88,7,False
2013-08-12,Outdoor,5815859.33,4558804.97913931,3146,539,7,False
2013-08-12,Streetwear,13111171.6,20787777.27233319,3522,769,7,False
2013-08-19,Casual,585672.04,423714.36681971344,116,29,7,False
2013-08-19,GenZ,1002260.74,794661.5507812776,510,112,7,False
2013-08-19,Outdoor,5341443.16,4099138.5088687553,2776,454,7,False
2013-08-19,Streetwear,14511335.52,23474111.478733186,3797,825,7,False
2013-08-26,Casual,1026083.88,859161.7200761549,271,60,7,False
2013-08-26,GenZ,1412942.04,1094840.6995676234,760,175,7,False
2013-08-26,Outdoor,9405117.12,7378048.325522381,4917,811,7,False
2013-08-26,Streetwear,23092919.58,35072068.98810087,6051,1323,7,False
2013-09-02,Casual,190409.64,183047.01635625333,54,18,7,False
2013-09-02,GenZ,455627.0,382766.42542400985,270,59,7,False
2013-09-02,Outdoor,3965975.39,3365349.5109312264,2132,374,7,False
2013-09-02,Streetwear,21701982.13,20462353.77815894,3255,695,7,False
2013-09-09,Casual,365038.33,333690.87089865614,85,20,7,False
2013-09-09,GenZ,472936.95,426643.2084595216,269,63,7,False
2013-09-09,Outdoor,3472619.71,3043707.412596512,1805,321,7,False
2013-09-09,Streetwear,23097759.77,20737206.894771017,3108,689,7,False
2013-09-16,Casual,482143.31,477016.7417309613,121,26,7,False
2013-09-16,GenZ,535315.7,475802.83096359286,298,66,7,False
2013-09-16,Outdoor,4362669.12,3866105.8872961467,2236,396,7,False
2013-09-16,Streetwear,21772761.0,19417009.642367292,3056,675,7,False
2013-09-23,Casual,864260.58,772473.9658270507,234,50,7,False
2013-09-23,GenZ,641911.91,566498.2299750026,388,84,7,False
2013-09-23,Outdoor,7255570.9,6321465.791472667,3787,628,7,False
2013-09-23,Streetwear,26109237.38,23274898.21517673,3896,853,7,False
2013-09-30,Casual,528685.8099999999,454243.8718548108,150,30,7,False
2013-09-30,GenZ,330760.83,276908.02125200286,191,43,7,False
2013-09-30,Outdoor,4980021.63,4144082.438105866,2412,427,7,False
2013-09-30,Streetwear,20991319.17,17567279.698114835,2858,629,7,False
2013-10-07,Casual,522100.44,415428.8927108655,96,20,7,False
2013-10-07,GenZ,329314.89,267043.6968474766,168,38,7,False
2013-10-07,Outdoor,3731187.81,2932140.653042282,1723,301,7,False
2013-10-07,Streetwear,16856241.46,13621108.633832367,2110,477,7,False
2013-10-14,Casual,425915.46,340551.5347401818,82,17,7,False
2013-10-14,GenZ,347409.01,266330.55784409726,161,43,7,False
2013-10-14,Outdoor,5689618.01,4512467.977314207,2818,471,7,False
2013-10-14,Streetwear,18350527.12,14850049.855621524,2280,506,7,False
2013-10-21,Casual,476523.11,349531.61233470764,80,17,7,False
2013-10-21,GenZ,240649.62,186129.38510349346,138,38,7,False
2013-10-21,Outdoor,4799732.45,3705433.4656049563,2316,410,7,False
2013-10-21,Streetwear,20431155.63,16404467.095796762,2570,561,7,False
2013-10-28,Casual,962223.0,775093.3773230817,215,43,7,False
2013-10-28,GenZ,537611.45,418698.5880982866,308,64,7,False
2013-10-28,Outdoor,7947709.37,6278480.865303069,3619,649,7,False
2013-10-28,Streetwear,24385527.38,19588163.786604576,3158,704,7,False
2013-11-04,Casual,264961.41000000003,236021.20095583703,74,16,7,False
2013-11-04,GenZ,140654.47,112836.35389803427,93,21,7,False
2013-11-04,Outdoor,4913434.71,3885644.3700991957,2191,361,7,False
2013-11-04,Streetwear,12376803.94,9843386.398096945,1510,334,7,False
2013-11-11,Casual,354144.97000000003,295242.1441185023,86,19,7,False
2013-11-11,GenZ,267749.74,204841.51853212356,148,31,7,False
2013-11-11,Outdoor,7976463.09,6217935.708880432,3409,564,7,False
2013-11-11,Streetwear,17013448.82,13379685.14011838,2020,430,7,False
2013-11-18,Casual,282701.19,261660.7065253359,84,15,7,False
2013-11-18,GenZ,169242.34,154384.94108597728,100,21,7,False
2013-11-18,Outdoor,5085044.53,4614043.818236564,2661,471,7,False
2013-11-18,Streetwear,12850485.64,11932690.381011225,1810,407,7,False
2013-11-25,Casual,301263.6,336400.44128100947,97,23,7,False
2013-11-25,GenZ,288600.29,282332.5371783084,170,35,7,False
2013-11-25,Outdoor,7731468.75,7634526.026221428,4730,791,7,False
2013-11-25,Streetwear,10741080.74,10597184.345435342,1741,384,7,False
2013-12-02,Casual,309390.01,300372.60646715463,81,15,7,False
2013-12-02,GenZ,163373.95,146455.90527099534,103,21,7,False
2013-12-02,Outdoor,3936650.45,3886211.2998759206,2826,473,7,False
2013-12-02,Streetwear,9821132.68,9752575.495846339,1477,331,7,False
2013-12-09,Casual,145045.49,146228.3813310219,40,11,7,False
2013-12-09,GenZ,255008.72,259445.42738085173,157,30,7,False
2013-12-09,Outdoor,6555732.36,6461259.0375673855,4603,778,7,False
2013-12-09,Streetwear,9796995.04,9714954.843306737,1475,332,7,False
2013-12-16,Casual,192766.53999999998,198215.49622441712,62,16,7,False
2013-12-16,GenZ,228257.65,222496.00770420494,161,42,7,False
2013-12-16,Outdoor,8970285.19,8836404.601258988,6678,1123,7,False
2013-12-16,Streetwear,11912698.96,11820892.50318833,1759,385,7,False
2013-12-23,Casual,451282.42,455591.3029154435,133,30,7,False
2013-12-23,GenZ,332664.99,311652.64174408425,285,62,7,False
2013-12-23,Outdoor,12122280.96,11909088.872086551,9390,1554,7,False
2013-12-23,Streetwear,11660142.9,11552446.695732813,1700,383,7,False
2013-12-30,Casual,505156.10000000003,460865.973473169,136,31,7,False
2013-12-30,GenZ,306254.97,272073.6217917018,204,46,7,False
2013-12-30,Outdoor,12759788.69,11908480.557596952,8871,1472,7,False
2013-12-30,Streetwear,14961155.42,13834288.533477552,2043,443,7,False
2014-01-06,Casual,250535.68,220426.885900839,80,14,7,False
2014-01-06,GenZ,210741.95,169152.16147148242,101,21,7,False
2014-01-06,Outdoor,4483614.1,3647987.841556082,2031,346,7,False
2014-01-06,Streetwear,12206162.37,9977073.413846202,1415,310,7,False
2014-01-13,Casual,183349.37,143435.24672085705,44,10,7,False
2014-01-13,GenZ,232602.4,184678.2862761804,122,28,7,False
2014-01-13,Outdoor,4688135.62,3739641.3012689934,2134,360,7,False
2014-01-13,Streetwear,12999982.95,10386531.793516986,1554,334,7,False
2014-01-20,Casual,207166.32,169636.78830740365,52,13,7,False
2014-01-20,GenZ,185676.74,130368.43280455927,124,23,7,False
2014-01-20,Outdoor,5148135.83,4045117.7868046816,2316,399,7,False
2014-01-20,Streetwear,13652412.22,10747074.921351343,1637,367,7,False
2014-01-27,Casual,437181.05,359583.95884663844,98,18,7,False
2014-01-27,GenZ,378087.27999999997,307183.1262031577,213,46,7,False
2014-01-27,Outdoor,7623178.67,5948751.567516798,3345,573,7,False
2014-01-27,Streetwear,18632248.01,14874606.910761772,2328,530,7,False
2014-02-03,Casual,206053.85,179977.27835193367,52,11,7,False
2014-02-03,GenZ,191197.05,154344.26236520958,105,24,7,False
2014-02-03,Outdoor,4666288.19,3713152.714311546,1996,340,7,False
2014-02-03,Streetwear,14027713.87,11092204.530925367,1660,365,7,False
2014-02-10,Casual,148135.01,117905.60302376159,38,10,7,False
2014-02-10,GenZ,219650.16999999998,166843.9684800957,108,24,7,False
2014-02-10,Outdoor,5738847.05,4424501.1248499965,2320,388,7,False
2014-02-10,Streetwear,18379451.55,14477827.571948621,2273,489,7,False
2014-02-17,Casual,338001.07,276910.7858645087,86,18,7,False
2014-02-17,GenZ,312529.96,240326.03028091087,180,41,7,False
2014-02-17,Outdoor,6452010.33,5031487.03838823,2682,470,7,False
2014-02-17,Streetwear,20731554.87,16660568.813217113,2604,576,7,False
2014-02-24,Casual,647685.73,564109.8222694753,162,38,7,False
2014-02-24,GenZ,466703.68,361822.5697724508,223,48,7,False
2014-02-24,Outdoor,8624432.94,6712284.699798702,3827,647,7,False
2014-02-24,Streetwear,30426744.79,24735514.317168366,4116,906,7,False
2014-03-03,Casual,260380.11000000002,223852.18449645565,70,14,7,False
2014-03-03,GenZ,372072.85,301711.47912429186,160,35,7,False
2014-03-03,Outdoor,4560470.06,3663497.5234631053,2167,361,7,False
2014-03-03,Streetwear,24577152.08,19928057.04169782,2997,648,7,False
2014-03-10,Casual,568531.1900000001,493221.2954795428,137,31,7,False
2014-03-10,GenZ,566144.7,457120.57398020464,274,65,7,False
2014-03-10,Outdoor,7246743.92,5656964.922581608,2992,483,7,False
2014-03-10,Streetwear,29143701.32,23310382.559133194,3871,867,7,False
2014-03-17,Casual,485622.52,443630.72255362186,142,33,7,False
2014-03-17,GenZ,514138.25,428052.41643595556,261,63,7,False
2014-03-17,Outdoor,7379901.37,6219018.840967458,3638,633,7,False
2014-03-17,Streetwear,32123078.45,27516295.90833063,4557,1013,7,False
2014-03-24,Casual,773248.0,749959.806844199,218,49,7,False
2014-03-24,GenZ,563009.74,506288.8030495794,365,84,7,False
2014-03-24,Outdoor,10222986.04,9123778.081448872,5250,897,7,False
2014-03-24,Streetwear,42500745.74,39246509.196725585,6556,1443,7,False
2014-03-31,Casual,1054946.49,1052658.5137393887,311,71,7,False
2014-03-31,GenZ,816659.51,730568.272000715,478,111,7,False
2014-03-31,Outdoor,10048824.29,9106504.500834528,5126,917,7,False
2014-03-31,Streetwear,47599928.04,43566842.277354375,7563,1638,7,False
2014-04-07,Casual,603407.78,568233.1601360238,147,35,7,False
2014-04-07,GenZ,466472.17000000004,393859.19694856874,275,64,7,False
2014-04-07,Outdoor,6559564.25,5904500.699465844,3389,590,7,False
2014-04-07,Streetwear,30459574.56,27834991.25510293,4468,995,7,False
2014-04-14,Casual,909966.37,814190.2711211161,245,58,7,False
2014-04-14,GenZ,773573.76,635122.3510315347,426,94,7,False
2014-04-14,Outdoor,8117822.37,6746602.496600186,3946,676,7,False
2014-04-14,Streetwear,37206001.0,31035609.59545983,5192,1101,7,False
2014-04-21,Casual,897019.83,724620.0097259396,202,45,7,False
2014-04-21,GenZ,1018424.11,812970.6193570901,434,94,7,False
2014-04-21,Outdoor,8107027.87,6361140.64291569,3806,634,7,False
2014-04-21,Streetwear,47266029.74,37928164.278707184,6522,1459,7,False
2014-04-28,Casual,1568624.92,1364871.1615130024,383,87,7,False
2014-04-28,GenZ,1151036.99,887358.2483043224,560,125,7,False
2014-04-28,Outdoor,11884063.99,9462119.864771783,5600,934,7,False
2014-04-28,Streetwear,61797588.87,49026181.38974573,8464,1848,7,False
2014-05-05,Casual,606265.0,538486.1168849458,159,37,7,False
2014-05-05,GenZ,695801.25,558054.6468554524,356,76,7,False
2014-05-05,Outdoor,4757890.52,3667854.730164376,2293,404,7,False
2014-05-05,Streetwear,31677241.28,25531160.57456592,4267,918,7,False
2014-05-12,Casual,849863.35,726818.0534927238,187,42,7,False
2014-05-12,GenZ,792500.57,618979.2485406045,453,110,7,False
2014-05-12,Outdoor,6928781.3,5457638.4028386185,3358,574,7,False
2014-05-12,Streetwear,41662800.68,33426272.92489389,5722,1229,7,False
2014-05-19,Casual,731098.71,625428.0090889233,162,37,7,False
2014-05-19,GenZ,1235126.28,969344.5174745726,672,143,7,False
2014-05-19,Outdoor,7323725.94,5744587.187429624,3594,616,7,False
2014-05-19,Streetwear,42282098.72,33749508.93966411,5969,1300,7,False
2014-05-26,Casual,1995683.29,1717419.9631822289,465,103,7,False
2014-05-26,GenZ,1493529.73,1127802.8143573424,828,195,7,False
2014-05-26,Outdoor,13430051.34,10638690.339292344,6685,1146,7,False
2014-05-26,Streetwear,65955402.69,52513448.87086306,9603,2096,7,False
2014-06-02,Casual,1039559.27,872397.6852729232,196,43,7,False
2014-06-02,GenZ,627814.46,453226.2624635491,360,80,7,False
2014-06-02,Outdoor,5485604.31,4336212.4608704215,2534,429,7,False
2014-06-02,Streetwear,36945951.4,29434625.684999336,4963,1059,7,False
2014-06-09,Casual,777796.1799999999,646837.2046382654,179,47,7,False
2014-06-09,GenZ,1007891.21,783217.0173230568,496,106,7,False
2014-06-09,Outdoor,6135507.8,4832862.588489366,3096,503,7,False
2014-06-09,Streetwear,37233931.1,30068258.224706225,5002,1100,7,False
2014-06-16,Casual,808139.1799999999,649053.025696342,148,35,7,False
2014-06-16,GenZ,1139303.2,886211.6420543754,547,117,7,False
2014-06-16,Outdoor,5981136.87,4713475.650780635,3077,527,7,False
2014-06-16,Streetwear,37785374.99,30280675.85282913,5189,1166,7,False
2014-06-23,Casual,716101.41,724103.924871534,190,44,7,False
2014-06-23,GenZ,985038.87,866967.4449331765,567,123,7,False
2014-06-23,Outdoor,7163376.81,6573396.486454654,4239,674,7,False
2014-06-23,Streetwear,43803764.71,40036487.589822896,6827,1511,7,False
2014-06-30,Casual,687464.94,713314.5482224012,195,50,7,False
2014-06-30,GenZ,802807.93,764370.1862330432,508,120,7,False
2014-06-30,Outdoor,5550459.7,5465948.362611722,3397,581,7,False
2014-06-30,Streetwear,33171914.81,32185286.42024229,5574,1224,7,False
2014-07-07,Casual,271969.27999999997,302506.4361395018,89,20,7,False
2014-07-07,GenZ,556651.24,542439.5880902173,351,75,7,False
2014-07-07,Outdoor,3376297.69,3245444.783834674,2052,354,7,False
2014-07-07,Streetwear,25727001.51,25287018.06454287,4153,912,7,False
2014-07-14,Casual,435426.63,436411.55108013476,100,20,7,False
2014-07-14,GenZ,592511.42,521665.1324530894,432,98,7,False
2014-07-14,Outdoor,4596390.76,4285034.7039792165,3015,484,7,False
2014-07-14,Streetwear,27530941.33,26422680.304595474,4482,980,7,False
2014-07-21,Casual,743072.79,636676.2124836501,154,33,7,False
2014-07-21,GenZ,760048.72,604803.0703508081,374,82,7,False
2014-07-21,Outdoor,5238796.28,4165721.2884977707,2745,485,7,False
2014-07-21,Streetwear,31742565.88,25135534.622985348,4549,995,7,False
2014-07-28,Casual,1366888.45,1117267.9216094324,261,66,7,False
2014-07-28,GenZ,1359805.12,1092582.597978786,630,148,7,False
2014-07-28,Outdoor,7838928.63,6233525.3259899095,4412,758,7,False
2014-07-28,Streetwear,53786371.58,43238268.997908674,7380,1622,7,False
2014-08-04,Casual,618191.06,484111.7528164043,126,28,7,False
2014-08-04,GenZ,664108.8099999999,519616.1180520714,356,72,7,False
2014-08-04,Outdoor,3473353.82,2758581.8383471435,1883,321,7,False
2014-08-04,Streetwear,27682196.88,21820518.28199403,3528,797,7,False
2014-08-11,Casual,319569.92,281241.7045440698,84,21,7,False
2014-08-11,GenZ,610994.5,466258.22332782805,287,63,7,False
2014-08-11,Outdoor,4869277.58,3906800.6805956843,2686,453,7,False
2014-08-11,Streetwear,28144537.27,22283956.06715043,3725,838,7,False
2014-08-18,Casual,575365.85,489810.9421296138,124,26,7,False
2014-08-18,GenZ,737789.5,579204.610506743,372,79,7,False
2014-08-18,Outdoor,4373489.46,3488922.8589997124,2305,393,7,False
2014-08-18,Streetwear,26891669.28,21335402.539932314,3595,798,7,False
2014-08-25,Casual,1250171.84,1084686.8799997463,295,65,7,False
2014-08-25,GenZ,1130395.41,874613.4331251651,639,143,7,False
2014-08-25,Outdoor,12835767.39,10148771.576881316,6360,1072,7,False
2014-08-25,Streetwear,53071358.46,42070510.32453214,7154,1565,7,False
2014-09-01,Casual,416471.27,378516.76833862386,98,20,7,False
2014-09-01,GenZ,349019.4,297369.7763165733,194,45,7,False
2014-09-01,Outdoor,3429513.43,2893642.2380137364,1639,310,7,False
2014-09-01,Streetwear,21104084.21,17967320.73605696,2827,603,7,False
2014-09-08,Casual,462885.75,400252.2467712826,99,20,7,False
2014-09-08,GenZ,463302.14,389647.7545638571,237,58,7,False
2014-09-08,Outdoor,4111366.15,3627456.837053825,2211,357,7,False
2014-09-08,Streetwear,20681069.23,17926751.742559135,3000,645,7,False
2014-09-15,Casual,482608.04,460931.40124365897,132,26,7,False
2014-09-15,GenZ,353971.57,312399.8638502902,187,46,7,False
2014-09-15,Outdoor,4052415.72,3568793.2621821966,2226,378,7,False
2014-09-15,Streetwear,19510066.34,17242726.321731497,2864,635,7,False
2014-09-22,Casual,698813.8099999999,665468.5978669603,155,36,7,False
2014-09-22,GenZ,603979.16,502406.3001149767,358,80,7,False
2014-09-22,Outdoor,7174161.02,6314998.8891806975,3693,646,7,False
2014-09-22,Streetwear,24743740.29,21845410.108586233,3613,795,7,False
2014-09-29,Casual,617228.96,581939.2723767894,155,29,7,False
2014-09-29,GenZ,485290.67,395393.9531941298,257,62,7,False
2014-09-29,Outdoor,5772640.99,4778741.4480933435,2713,487,7,False
2014-09-29,Streetwear,20695350.89,16924234.83106327,2863,643,7,False
2014-10-06,Casual,327578.1,287590.193505554,86,19,7,False
2014-10-06,GenZ,361684.77,285924.965022001,189,40,7,False
2014-10-06,Outdoor,5830017.6,4585013.580797994,2303,401,7,False
2014-10-06,Streetwear,18209998.69,14465788.54377771,2134,461,7,False
2014-10-13,Casual,366524.75,305616.28636757337,91,19,7,False
2014-10-13,GenZ,353275.37,262202.5075497526,172,36,7,False
2014-10-13,Outdoor,6291146.97,4838110.021509139,2589,459,7,False
2014-10-13,Streetwear,20055101.05,15996564.835276341,2477,535,7,False
2014-10-20,Casual,581581.58,502952.9324817478,142,29,7,False
2014-10-20,GenZ,245528.88999999998,189295.88723907043,128,26,7,False
2014-10-20,Outdoor,6220868.71,4854498.301303784,2514,456,7,False
2014-10-20,Streetwear,18053581.19,14741930.809645984,2284,513,7,False
2014-10-27,Casual,308466.71,275111.4524860954,85,22,7,False
2014-10-27,GenZ,328891.72000000003,255639.36758157384,188,43,7,False
2014-10-27,Outdoor,10479443.1,8242430.727749308,4092,696,7,False
2014-10-27,Streetwear,25360880.76,20114045.024990205,3230,713,7,False
2014-11-03,Casual,363217.16,328449.8120139828,94,17,7,False
2014-11-03,GenZ,210041.38,169305.95105412556,101,25,7,False
2014-11-03,Outdoor,4293779.59,3332779.187195668,1819,316,7,False
2014-11-03,Streetwear,12713570.19,9894751.25412092,1565,351,7,False
2014-11-10,Casual,461065.11,378615.186145271,110,27,7,False
2014-11-10,GenZ,287732.79,214533.44770334626,120,31,7,False
2014-11-10,Outdoor,6091204.81,4855108.03589451,2871,494,7,False
2014-11-10,Streetwear,17717810.24,14194831.197076265,2067,463,7,False
2014-11-17,Casual,283500.51,296664.6741491436,92,19,7,False
2014-11-17,GenZ,171509.4,160387.1844502463,117,23,7,False
2014-11-17,Outdoor,5097939.41,4591360.95151415,2829,485,7,False
2014-11-17,Streetwear,13427638.85,11842579.022464763,1782,402,7,False
2014-11-24,Casual,588026.39,612909.7314466755,159,31,7,False
2014-11-24,GenZ,306346.34,308858.93686215894,197,41,7,False
2014-11-24,Outdoor,8179482.37,8015888.421412224,5487,917,7,False
2014-11-24,Streetwear,15122480.12,15266914.571739342,2334,495,7,False
2014-12-01,Casual,305216.44,312340.06606367684,73,16,7,False
2014-12-01,GenZ,137720.04,140953.32147158583,90,26,7,False
2014-12-01,Outdoor,4676642.36,4544089.183951885,2754,468,7,False
2014-12-01,Streetwear,9866138.77,9811231.99854583,1442,330,7,False
2014-12-08,Casual,392497.25,423310.33851667185,101,19,7,False
2014-12-08,GenZ,172004.75,158148.56617583818,120,28,7,False
2014-12-08,Outdoor,6365023.86,6073392.515333378,4065,694,7,False
2014-12-08,Streetwear,12463021.4,12217753.48778145,1781,394,7,False
2014-12-15,Casual,422142.15,444226.99053914036,132,29,7,False
2014-12-15,GenZ,192221.72,183164.9781038921,150,36,7,False
2014-12-15,Outdoor,9323507.92,9051085.503931832,6613,1102,7,False
2014-12-15,Streetwear,14655016.91,14438754.662936058,2179,495,7,False
2014-12-22,Casual,683055.0,747287.8799708176,171,31,7,False
2014-12-22,GenZ,338223.14,336602.9517217468,201,54,7,False
2014-12-22,Outdoor,12043313.99,11785600.526264437,8954,1513,7,False
2014-12-22,Streetwear,13323679.59,13227626.856462423,2061,474,7,False
2014-12-29,Casual,772366.97,733911.0196658834,203,39,7,False
2014-12-29,GenZ,344322.68,322236.4227401278,195,39,7,False
2014-12-29,Outdoor,12151621.79,11458788.656375457,8022,1330,7,False
2014-12-29,Streetwear,15158554.87,14052888.756651834,2137,504,7,False
2015-01-05,Casual,249044.35,203240.2301455554,59,11,7,False
2015-01-05,GenZ,181906.14,125649.9040946719,100,19,7,False
2015-01-05,Outdoor,3563442.1,2697986.420415709,1538,259,7,False
2015-01-05,Streetwear,10614336.83,8494009.891874107,1220,279,7,False
2015-01-12,Casual,312917.55,273932.33817223273,67,15,7,False
2015-01-12,GenZ,242360.54,195097.66847124664,113,28,7,False
2015-01-12,Outdoor,4493067.18,3449323.5112701454,1673,302,7,False
2015-01-12,Streetwear,12580957.04,10049814.219575882,1466,333,7,False
2015-01-19,Casual,434906.08,350482.11680457083,95,18,7,False
2015-01-19,GenZ,253116.68,196095.49134807545,116,26,7,False
2015-01-19,Outdoor,5291525.91,4107831.0561583494,2066,363,7,False
2015-01-19,Streetwear,15988466.51,12850398.045283668,1966,418,7,False
2015-01-26,Casual,895665.14,780358.1325226573,212,41,7,False
2015-01-26,GenZ,252533.79,186501.5494128047,116,27,7,False
2015-01-26,Outdoor,8170923.52,6392861.2284287745,3194,542,7,False
2015-01-26,Streetwear,21303075.4,16995490.443713967,2796,592,7,False
2015-02-02,Casual,337077.02,295587.7782085165,79,19,7,False
2015-02-02,GenZ,217955.58000000002,162067.78560917033,100,21,7,False
2015-02-02,Outdoor,3547753.72,3321389.003038231,1650,288,7,False
2015-02-02,Streetwear,16800469.91,13274970.756930955,1988,451,7,False
2015-02-09,Casual,599026.69,521432.0040993334,136,29,7,False
2015-02-09,GenZ,412938.71,317511.27003118186,185,33,7,False
2015-02-09,Outdoor,5176229.88,4732770.66445364,2638,428,7,False
2015-02-09,Streetwear,21129739.45,16697833.785631744,2586,550,7,False
2015-02-16,Casual,558096.4,475507.5162215408,137,26,7,False
2015-02-16,GenZ,237027.94,167719.4828233154,165,35,7,False
2015-02-16,Outdoor,5991081.65,5501147.787190668,2838,505,7,False
2015-02-16,Streetwear,24241547.35,19467370.66785115,3065,685,7,False
2015-02-23,Casual,819860.96,709969.0629195869,179,40,7,False
2015-02-23,GenZ,493975.35,370862.5885473499,229,49,7,False
2015-02-23,Outdoor,7595742.88,6950057.637162893,4001,684,7,False
2015-02-23,Streetwear,32159355.57,25800472.947319787,4082,911,7,False
2015-03-02,Casual,174068.59000000003,144447.64884377673,42,12,7,False
2015-03-02,GenZ,199310.12,151297.3387426248,108,28,7,False
2015-03-02,Outdoor,2878154.12,2272240.8446424543,1213,208,7,False
2015-03-02,Streetwear,19281185.65,15420920.741841957,2308,490,7,False
2015-03-09,Casual,614037.41,547430.2319842149,153,31,7,False
2015-03-09,GenZ,480570.25,356203.3741719225,213,49,7,False
2015-03-09,Outdoor,6785874.43,5189689.6007029675,2730,465,7,False
2015-03-09,Streetwear,25877282.62,20578226.412205487,3320,726,7,False
2015-03-16,Casual,538266.72,489602.22217852244,140,32,7,False
2015-03-16,GenZ,497735.66000000003,385657.29974588176,246,57,7,False
2015-03-16,Outdoor,7426847.56,5936295.219879699,3334,567,7,False
2015-03-16,Streetwear,30363665.95,25718469.573112518,4183,948,7,False
2015-03-23,Casual,748389.22,743074.7267413,209,42,7,False
2015-03-23,GenZ,665738.4,575456.3705513224,353,79,7,False
2015-03-23,Outdoor,8418459.78,7364022.0623456305,4088,689,7,False
2015-03-23,Streetwear,32312786.02,29140188.406563073,4809,1078,7,False
2015-03-30,Casual,1531484.73,1448551.0413617294,401,88,7,False
2015-03-30,GenZ,1176851.87,1052829.941713472,552,122,7,False
2015-03-30,Outdoor,12993454.02,11208394.726932507,6194,1072,7,False
2015-03-30,Streetwear,57703609.08,52406372.31068552,8809,1911,7,False
2015-04-06,Casual,601433.42,594810.994475634,162,40,7,False
2015-04-06,GenZ,554926.93,458564.24048806337,308,67,7,False
2015-04-06,Outdoor,6217206.9,5403139.957624434,2846,500,7,False
2015-04-06,Streetwear,37253056.18,33505249.000597347,5513,1209,7,False
2015-04-13,Casual,1049504.02,976698.5706445595,293,70,7,False
2015-04-13,GenZ,972054.4400000001,749482.1982835289,490,102,7,False
2015-04-13,Outdoor,7414713.95,5911432.588454491,3390,567,7,False
2015-04-13,Streetwear,43595561.27,36815578.78869124,6378,1429,7,False
2015-04-20,Casual,1139060.78,952324.6044005152,296,69,7,False
2015-04-20,GenZ,1267607.19,988760.5396049473,609,129,7,False
2015-04-20,Outdoor,7699166.5,5941989.001815973,3508,614,7,False
2015-04-20,Streetwear,51779050.45,40886410.59880751,7275,1652,7,False
2015-04-27,Casual,1898659.69,1635426.9069705606,472,100,7,False
2015-04-27,GenZ,1721915.35,1275925.9461128938,796,165,7,False
2015-04-27,Outdoor,13289872.09,10160244.887020083,5795,975,7,False
2015-04-27,Streetwear,67216537.21,53842694.189843945,9764,2093,7,False
2015-05-04,Casual,582370.54,506323.41358039074,152,31,7,False
2015-05-04,GenZ,546198.73,410916.2622099096,283,56,7,False
2015-05-04,Outdoor,3836646.39,3014259.809257114,1666,303,7,False
2015-05-04,Streetwear,30390035.32,23749385.12237686,3943,877,7,False
2015-05-11,Casual,786759.32,688217.1829581629,205,46,7,False
2015-05-11,GenZ,897529.41,691539.3134825857,458,104,7,False
2015-05-11,Outdoor,6997560.49,5538997.745521315,3138,516,7,False
2015-05-11,Streetwear,41237378.99,32641145.130307026,5579,1225,7,False
2015-05-18,Casual,1085507.59,903824.3481088467,260,57,7,False
2015-05-18,GenZ,1051977.8800000001,781775.8076372544,503,121,7,False
2015-05-18,Outdoor,7905023.37,6208807.9484985825,3453,618,7,False
2015-05-18,Streetwear,46024850.09,36979374.0514094,6446,1438,7,False
2015-05-25,Casual,1394230.74,1144448.5894385993,324,65,7,False
2015-05-25,GenZ,1216601.71,921454.5241968171,580,126,7,False
2015-05-25,Outdoor,10390687.51,7964900.883847722,4837,832,7,False
2015-05-25,Streetwear,57725346.3,46640006.14541425,8285,1767,7,False
2015-06-01,Casual,1090247.6,917797.4565487681,228,50,7,False
2015-06-01,GenZ,810909.05,645647.0624017032,387,83,7,False
2015-06-01,Outdoor,7768567.24,6030190.182463702,3779,632,7,False
2015-06-01,Streetwear,44644655.99,35347148.556989364,6128,1300,7,False
2015-06-08,Casual,819490.66,707746.4506295129,190,41,7,False
2015-06-08,GenZ,775365.53,581299.111018406,388,79,7,False
2015-06-08,Outdoor,4949235.45,3767002.051272792,2375,390,7,False
2015-06-08,Streetwear,37507313.03,29537916.00680348,4846,1043,7,False
2015-06-15,Casual,766932.59,645468.5518500214,168,39,7,False
2015-06-15,GenZ,858493.92,659015.7026581947,396,78,7,False
2015-06-15,Outdoor,6188619.6,4824064.388973602,2966,508,7,False
2015-06-15,Streetwear,39080157.77,30867999.46015698,5210,1138,7,False
2015-06-22,Casual,495954.25,492257.52729661093,151,37,7,False
2015-06-22,GenZ,622967.71,501291.0007687424,372,89,7,False
2015-06-22,Outdoor,5413653.72,4598880.975489832,2816,478,7,False
2015-06-22,Streetwear,42822773.57,37444780.22895373,6247,1361,7,False
2015-06-29,Casual,776219.26,781859.0757832401,224,48,7,False
2015-06-29,GenZ,1062921.78,1001735.0923824373,624,139,7,False
2015-06-29,Outdoor,7222525.62,6672411.889258704,4253,725,7,False
2015-06-29,Streetwear,40414454.04,39267443.0455984,6724,1475,7,False
2015-07-06,Casual,413102.41,436455.40816946956,121,27,7,False
2015-07-06,GenZ,362138.17,334267.9061269966,200,44,7,False
2015-07-06,Outdoor,2866129.85,2677160.134238736,1669,287,7,False
2015-07-06,Streetwear,25725236.71,24869242.706223775,3946,876,7,False
2015-07-13,Casual,445822.51,468323.89459600253,139,27,7,False
2015-07-13,GenZ,832932.73,803828.3359940993,534,106,7,False
2015-07-13,Outdoor,3322294.4,3195886.303849052,1876,328,7,False
2015-07-13,Streetwear,28536240.63,27342601.594966676,4515,1021,7,False
2015-07-20,Casual,812394.25,728168.4131804886,188,42,7,False
2015-07-20,GenZ,1093456.65,851339.1544701189,508,114,7,False
2015-07-20,Outdoor,3732261.25,2962894.0892743086,2045,336,7,False
2015-07-20,Streetwear,33414869.16,27660724.01501684,4536,1004,7,False
2015-07-27,Casual,1468830.27,1254179.1624550445,382,81,7,False
2015-07-27,GenZ,1350272.71,997359.8972051439,719,168,7,False
2015-07-27,Outdoor,7655952.52,6001625.505677379,3710,645,7,False
2015-07-27,Streetwear,43728229.4,42390876.882535525,7333,1625,7,False
2015-08-03,Casual,650876.04,569235.5786444719,166,35,7,False
2015-08-03,GenZ,608839.93,474950.83872063796,324,76,7,False
2015-08-03,Outdoor,3644360.65,2837824.896150342,1688,280,7,False
2015-08-03,Streetwear,13824858.18,22062721.724239685,3597,766,7,False
2015-08-10,Casual,691028.9299999999,577757.5594770575,170,37,7,False
2015-08-10,GenZ,831888.03,630857.5442698095,377,82,7,False
2015-08-10,Outdoor,4298906.83,3281021.4430420664,1879,344,7,False
2015-08-10,Streetwear,13779563.72,22598895.477473214,3642,817,7,False
2015-08-17,Casual,746778.94,633991.6413120261,179,40,7,False
2015-08-17,GenZ,1076940.21,841155.0409842787,485,110,7,False
2015-08-17,Outdoor,4962231.81,3801707.3572506574,2396,408,7,False
2015-08-17,Streetwear,15493191.98,25001480.408013824,4047,881,7,False
2015-08-24,Casual,1460033.56,1279459.6255298061,351,74,7,False
2015-08-24,GenZ,1816885.2,1368826.4355088994,919,201,7,False
2015-08-24,Outdoor,8757826.47,6678325.823670393,4578,804,7,False
2015-08-24,Streetwear,25578202.97,40610093.255845554,7081,1546,7,False
2015-08-31,Casual,927314.67,860374.3592071861,251,57,7,False
2015-08-31,GenZ,1563213.72,1225998.4311987371,796,184,7,False
2015-08-31,Outdoor,5486531.34,4358659.042610227,2618,448,7,False
2015-08-31,Streetwear,24706713.11,28225250.80082884,4810,1041,7,False
2015-09-07,Casual,992828.52,981217.2101601931,282,64,7,False
2015-09-07,GenZ,1486002.31,1210611.6270994567,751,172,7,False
2015-09-07,Outdoor,4036695.07,3439567.651523016,1982,350,7,False
2015-09-07,Streetwear,27016509.21,24072373.073616978,4124,914,7,False
2015-09-14,Casual,1149956.89,1130537.5305582026,302,69,7,False
2015-09-14,GenZ,1221648.07,1012614.2850786535,679,147,7,False
2015-09-14,Outdoor,5233998.91,4446195.598350039,2519,436,7,False
2015-09-14,Streetwear,26999698.53,24013313.78676085,4101,909,7,False
2015-09-21,Casual,914739.05,839877.5676078333,243,56,7,False
2015-09-21,GenZ,1330020.96,1069909.8741026681,700,162,7,False
2015-09-21,Outdoor,6457547.44,5410527.652684588,3342,578,7,False
2015-09-21,Streetwear,31804402.77,28738992.986975193,4871,1061,7,False
2015-09-28,Casual,1204682.47,1145249.6983991733,290,73,7,False
2015-09-28,GenZ,1054808.78,842769.9806883809,539,112,7,False
2015-09-28,Outdoor,7279756.85,6017665.109360025,3359,572,7,False
2015-09-28,Streetwear,27081862.27,23778826.78690015,3875,843,7,False
2015-10-05,Casual,451023.71,395420.17619132093,116,25,7,False
2015-10-05,GenZ,466914.58,344223.9115640486,239,54,7,False
2015-10-05,Outdoor,4066632.41,3101397.3872892847,1747,302,7,False
2015-10-05,Streetwear,20305001.22,16632635.68167236,2606,577,7,False
2015-10-12,Casual,480612.18,413962.4709697394,125,28,7,False
2015-10-12,GenZ,679372.37,534497.7248721848,339,76,7,False
2015-10-12,Outdoor,5597935.51,4232341.012052282,2263,401,7,False
2015-10-12,Streetwear,22596790.77,18163685.739837594,2894,628,7,False
2015-10-19,Casual,836365.4,709646.1929752147,177,45,7,False
2015-10-19,GenZ,609978.01,474132.3098337417,277,64,7,False
2015-10-19,Outdoor,6238775.79,4742740.96411801,2565,445,7,False
2015-10-19,Streetwear,23408995.89,19126228.919305954,2905,659,7,False
2015-10-26,Casual,1175588.76,991352.521285401,277,62,7,False
2015-10-26,GenZ,1079252.06,832549.9616879044,458,100,7,False
2015-10-26,Outdoor,10138431.03,7700886.554693107,4440,756,7,False
2015-10-26,Streetwear,31829518.29,26247870.867984597,4083,900,7,False
2015-11-02,Casual,437061.87,369912.1203734295,94,21,7,False
2015-11-02,GenZ,384187.93,311276.72598235536,153,39,7,False
2015-11-02,Outdoor,3591485.46,2809176.8413044084,1495,270,7,False
2015-11-02,Streetwear,15481778.98,12882952.888071824,1864,413,7,False
2015-11-09,Casual,552617.24,487321.22059255943,125,30,7,False
2015-11-09,GenZ,274069.08,202209.07795678874,147,34,7,False
2015-11-09,Outdoor,5696294.68,4335663.001557013,2531,435,7,False
2015-11-09,Streetwear,18765122.23,15305695.36447499,2313,523,7,False
2015-11-16,Casual,313114.39,301370.98456962674,96,22,7,False
2015-11-16,GenZ,292855.25,242303.767185607,148,30,7,False
2015-11-16,Outdoor,5591988.21,4847512.543838744,2956,503,7,False
2015-11-16,Streetwear,16049808.33,14721186.48129897,2086,459,7,False
2015-11-23,Casual,611442.75,655435.956208632,186,41,7,False
2015-11-23,GenZ,226079.41,209979.71610589835,153,33,7,False
2015-11-23,Outdoor,8918262.28,8625183.723380957,5519,952,7,False
2015-11-23,Streetwear,15300089.95,15734504.710628582,2435,540,7,False
2015-11-30,Casual,257250.94,293300.4392636895,78,16,7,False
2015-11-30,GenZ,272475.95,253523.85311832145,157,31,7,False
2015-11-30,Outdoor,4794404.71,4664471.659555254,3057,535,7,False
2015-11-30,Streetwear,11127058.53,11404719.242306437,1616,360,7,False
2015-12-07,Casual,381301.69,409169.24322799343,110,22,7,False
2015-12-07,GenZ,182991.41,183938.5489231893,121,29,7,False
2015-12-07,Outdoor,5372641.34,5147753.334026732,3420,570,7,False
2015-12-07,Streetwear,11592714.7,11744330.406647267,1780,389,7,False
2015-12-14,Casual,302579.2,329621.84332477493,90,21,7,False
2015-12-14,GenZ,283271.82,287150.1933852018,182,39,7,False
2015-12-14,Outdoor,8394085.77,8178957.737713997,6180,1029,7,False
2015-12-14,Streetwear,11866579.16,12248676.902396936,1698,390,7,False
2015-12-21,Casual,435005.05,461277.6302565239,130,30,7,False
2015-12-21,GenZ,420124.72,414441.3076280505,263,59,7,False
2015-12-21,Outdoor,10480309.65,10086287.055836411,7553,1312,7,False
2015-12-21,Streetwear,15460648.36,15581916.6299638,2351,504,7,False
2015-12-28,Casual,903261.54,880818.9908307914,245,55,7,False
2015-12-28,GenZ,611709.5,608907.6327045148,345,78,7,False
2015-12-28,Outdoor,14612243.6,13599141.591769766,9342,1599,7,False
2015-12-28,Streetwear,23279504.5,22467555.207481083,3404,732,7,False
2016-01-04,Casual,216031.87,164019.27901551203,46,11,7,False
2016-01-04,GenZ,177713.66,116792.98539865648,61,12,7,False
2016-01-04,Outdoor,4623838.05,3597719.257032344,1700,300,7,False
2016-01-04,Streetwear,13655851.98,11024252.866107626,1547,328,7,False
2016-01-11,Casual,429018.15,363940.020742869,109,26,7,False
2016-01-11,GenZ,230178.2,174595.95137127212,116,26,7,False
2016-01-11,Outdoor,4844265.48,3714563.7315333015,1810,335,7,False
2016-01-11,Streetwear,17692770.9,14875850.563752,2061,449,7,False
2016-01-18,Casual,502635.64,393793.1153096654,124,30,7,False
2016-01-18,GenZ,348008.26,264258.7960127218,174,40,7,False
2016-01-18,Outdoor,5572946.49,4425337.173001738,2115,366,7,False
2016-01-18,Streetwear,19380041.74,16123879.129929615,2335,513,7,False
2016-01-25,Casual,955460.4400000001,823028.4411931336,214,47,7,False
2016-01-25,GenZ,366639.0,278737.69026319956,189,46,7,False
2016-01-25,Outdoor,8534526.25,6775278.789878804,3337,562,7,False
2016-01-25,Streetwear,28525521.41,23448918.83169895,3551,767,7,False
2016-02-01,Casual,439500.91000000003,365040.3805853994,107,25,7,False
2016-02-01,GenZ,207705.41999999998,169451.7989708234,95,25,7,False
2016-02-01,Outdoor,4939747.58,3921106.752649578,1818,327,7,False
2016-02-01,Streetwear,20123194.15,16341588.248944411,2504,541,7,False
2016-02-08,Casual,481025.73000000004,413078.9710122,121,26,7,False
2016-02-08,GenZ,213698.92,174198.20265222897,99,24,7,False
2016-02-08,Outdoor,6370459.64,4973545.747373058,2462,420,7,False
2016-02-08,Streetwear,21592404.07,17638499.58933168,2631,567,7,False
2016-02-15,Casual,542847.59,449645.4575977091,138,31,7,False
2016-02-15,GenZ,464542.73,368724.00853520865,186,44,7,False
2016-02-15,Outdoor,5609952.82,4349689.627217453,2270,404,7,False
2016-02-15,Streetwear,23390099.07,19120568.354537275,2835,629,7,False
2016-02-22,Casual,700433.7,548925.7906632053,158,38,7,False
2016-02-22,GenZ,649066.78,520861.2232627072,277,56,7,False
2016-02-22,Outdoor,8330021.28,6350667.716014347,3210,531,7,False
2016-02-22,Streetwear,32111337.32,26236788.356245477,4101,888,7,False
2016-02-29,Casual,481980.8,403844.56672400766,102,23,7,False
2016-02-29,GenZ,211014.48,162823.77133049656,98,24,7,False
2016-02-29,Outdoor,2489556.0,1884532.7253568885,1032,174,7,False
2016-02-29,Streetwear,14539600.67,11992042.658598116,1788,401,7,False
2016-03-07,Casual,746581.4400000001,621404.1214904033,170,39,7,False
2016-03-07,GenZ,308589.1,207449.94685912709,133,27,7,False
2016-03-07,Outdoor,6430481.59,5085936.043610436,2489,451,7,False
2016-03-07,Streetwear,29520093.5,24161852.50501574,3687,792,7,False
2016-03-14,Casual,979036.04,821446.5562311902,207,47,7,False
2016-03-14,GenZ,516523.14,415748.9005492178,213,42,7,False
2016-03-14,Outdoor,7444497.09,5845159.093720888,3180,530,7,False
2016-03-14,Streetwear,34105708.1,28215156.46243275,4410,982,7,False
2016-03-21,Casual,919457.1900000001,900316.4230002097,245,52,7,False
2016-03-21,GenZ,748644.54,636142.3135710467,329,76,7,False
2016-03-21,Outdoor,7164432.71,6167814.51879226,3287,566,7,False
2016-03-21,Streetwear,34479094.69,31419644.945215654,5016,1111,7,False
2016-03-28,Casual,1988141.81,1901449.0621088818,553,122,7,False
2016-03-28,GenZ,1035069.75,911783.6806912383,481,105,7,False
2016-03-28,Outdoor,12243191.96,10832828.418242035,5895,1037,7,False
2016-03-28,Streetwear,62321291.72,57606260.82476615,9487,2037,7,False
2016-04-04,Casual,577292.22,548526.0769262868,169,38,7,False
2016-04-04,GenZ,463651.65,398808.6721263574,228,50,7,False
2016-04-04,Outdoor,3559984.9899999998,3236444.941032331,1707,314,7,False
2016-04-04,Streetwear,29365611.97,27232246.469463784,4183,929,7,False
2016-04-11,Casual,1268256.68,1153820.5588583734,306,65,7,False
2016-04-11,GenZ,568389.91,481170.63578049926,234,59,7,False
2016-04-11,Outdoor,6436946.69,5389508.235066108,3032,512,7,False
2016-04-11,Streetwear,41755695.59,36988253.59565436,6123,1343,7,False
2016-04-18,Casual,1714962.3900000001,1513723.6445467519,405,94,7,False
2016-04-18,GenZ,1028168.8,765108.0201809842,501,110,7,False
2016-04-18,Outdoor,7835180.17,6031361.781256601,3412,601,7,False
2016-04-18,Streetwear,50477646.48,41086409.121596225,6917,1570,7,False
2016-04-25,Casual,2654657.67,2295087.161692655,642,147,7,False
2016-04-25,GenZ,1760039.57,1294919.8600212953,819,194,7,False
2016-04-25,Outdoor,11660973.19,9066422.489877801,5008,868,7,False
2016-04-25,Streetwear,81541975.45,65981894.927525505,11701,2547,7,False
2016-05-02,Casual,1350332.97,1145487.9695575943,291,57,7,False
2016-05-02,GenZ,1040036.76,810970.1331657824,432,109,7,False
2016-05-02,Outdoor,4807443.22,3789338.7330464525,1993,361,7,False
2016-05-02,Streetwear,36002817.7,28583820.613543544,4922,1094,7,False
2016-05-09,Casual,1354140.8,1139370.3754289502,343,72,7,False
2016-05-09,GenZ,1558322.68,1179509.7895785326,636,143,7,False
2016-05-09,Outdoor,5719869.65,4391231.491229119,2450,428,7,False
2016-05-09,Streetwear,48178436.5,39045882.69333264,6703,1474,7,False
2016-05-16,Casual,1524471.94,1314216.818282152,393,91,7,False
2016-05-16,GenZ,1470395.86,1130894.692008283,682,141,7,False
2016-05-16,Outdoor,6040305.16,4704762.136663631,2569,474,7,False
2016-05-16,Streetwear,52119928.97,41836387.33231836,7109,1561,7,False
2016-05-23,Casual,1499211.25,1301659.737149425,361,85,7,False
2016-05-23,GenZ,1442911.97,1069664.9559965802,616,134,7,False
2016-05-23,Outdoor,6339561.7,4813461.9303728035,2798,484,7,False
2016-05-23,Streetwear,54953596.08,44589961.91790876,7581,1662,7,False
2016-05-30,Casual,1902280.25,1650100.914136629,492,109,7,False
2016-05-30,GenZ,2046408.82,1542377.0269553573,865,192,7,False
2016-05-30,Outdoor,10318348.21,8037819.329496104,4742,802,7,False
2016-05-30,Streetwear,71118500.15,57363646.26314622,10004,2152,7,False
2016-06-06,Casual,912260.39,813152.726210695,223,50,7,False
2016-06-06,GenZ,741435.37,564112.5072607414,343,88,7,False
2016-06-06,Outdoor,4255869.42,3234689.2085150396,2011,322,7,False
2016-06-06,Streetwear,38975691.08,31870620.869617328,5127,1136,7,False
2016-06-13,Casual,917071.82,792243.4339545291,243,52,7,False
2016-06-13,GenZ,1157310.13,862896.5369555354,532,119,7,False
2016-06-13,Outdoor,4535501.39,3482158.2792886323,2248,383,7,False
2016-06-13,Streetwear,50557988.84,40637833.29587401,6775,1461,7,False
2016-06-20,Casual,1028948.7,897794.5233897715,242,57,7,False
2016-06-20,GenZ,938460.82,742577.2006532447,452,99,7,False
2016-06-20,Outdoor,5299207.13,4239748.895292335,2462,425,7,False
2016-06-20,Streetwear,50123120.27,41581803.478519544,7057,1548,7,False
2016-06-27,Casual,1408593.45,1443549.7201250608,416,90,7,False
2016-06-27,GenZ,1823252.47,1664432.7391818084,1051,228,7,False
2016-06-27,Outdoor,8578814.56,7922212.593937354,4438,751,7,False
2016-06-27,Streetwear,53877699.92,54036978.21941999,9164,2038,7,False
2016-07-04,Casual,627838.63,666340.465718988,172,33,7,False
2016-07-04,GenZ,438683.56,427558.98828493414,211,45,7,False
2016-07-04,Outdoor,1780517.97,1665858.2108586498,984,160,7,False
2016-07-04,Streetwear,20342311.86,20000914.536860194,3254,695,7,False
2016-07-11,Casual,705908.12,732888.3844172087,196,44,7,False
2016-07-11,GenZ,786253.1,720814.1963170387,436,99,7,False
2016-07-11,Outdoor,3165280.05,2964225.563223379,1813,317,7,False
2016-07-11,Streetwear,27670667.05,27089730.151043244,4593,1029,7,False
2016-07-18,Casual,834201.23,789751.8447157525,217,48,7,False
2016-07-18,GenZ,1145799.67,977770.2233519902,555,126,7,False
2016-07-18,Outdoor,3456903.17,2941790.874928087,1817,313,7,False
2016-07-18,Streetwear,32766951.77,28322438.50881134,4754,1054,7,False
2016-07-25,Casual,817605.65,728530.0427846141,222,51,7,False
2016-07-25,GenZ,1411186.38,1090225.1399287495,646,134,7,False
2016-07-25,Outdoor,5874787.81,4566301.004736668,2630,431,7,False
2016-07-25,Streetwear,51940766.51,41728971.872182,6997,1518,7,False
2016-08-01,Casual,1488589.7,1286797.0762357982,314,66,7,False
2016-08-01,GenZ,1289240.8699999999,1001461.3237434988,546,117,7,False
2016-08-01,Outdoor,4416036.92,3394520.7021110686,1988,339,7,False
2016-08-01,Streetwear,46196501.09,36666407.67980154,5923,1291,7,False
2016-08-08,Casual,977465.17,843440.927320933,223,48,7,False
2016-08-08,GenZ,994051.38,760482.064395197,395,97,7,False
2016-08-08,Outdoor,4212287.88,3164359.6614454365,1693,285,7,False
2016-08-08,Streetwear,31433438.82,25446733.08082537,4116,880,7,False
2016-08-15,Casual,931021.77,823281.6374863568,240,54,7,False
2016-08-15,GenZ,1151463.75,875045.4254851658,548,123,7,False
2016-08-15,Outdoor,5533608.84,4252853.183823813,2461,428,7,False
2016-08-15,Streetwear,37470861.46,30301736.980969105,4626,1011,7,False
2016-08-22,Casual,989534.11,836150.1001760346,243,55,7,False
2016-08-22,GenZ,1487546.5999999999,1110389.5824541575,574,122,7,False
2016-08-22,Outdoor,7147467.83,5592413.011530239,2959,522,7,False
2016-08-22,Streetwear,40898929.35,33095737.752594147,5383,1183,7,False
2016-08-29,Casual,1130670.57,947901.1293162461,271,62,7,False
2016-08-29,GenZ,1462921.42,1126128.6196679908,697,152,7,False
2016-08-29,Outdoor,10701204.96,8412268.608046442,4364,741,7,False
2016-08-29,Streetwear,47628482.21,39472401.01002876,6236,1349,7,False
2016-09-05,Casual,627551.9500000001,612624.6566928996,182,42,7,False
2016-09-05,GenZ,535971.06,477654.52636145893,254,53,7,False
2016-09-05,Outdoor,3647120.1,3142843.6697911746,1518,264,7,False
2016-09-05,Streetwear,21738591.27,19506364.16207732,2930,649,7,False
2016-09-12,Casual,465283.24,451517.7818154958,122,33,7,False
2016-09-12,GenZ,725638.7,610773.5564765566,325,67,7,False
2016-09-12,Outdoor,4580976.49,3921647.304762808,2033,366,7,False
2016-09-12,Streetwear,27035666.49,24229294.715744246,3714,799,7,False
2016-09-19,Casual,505135.45,503988.78235784615,132,33,7,False
2016-09-19,GenZ,611213.03,527518.8560767325,325,72,7,False
2016-09-19,Outdoor,4899921.64,4152191.589793341,2192,374,7,False
2016-09-19,Streetwear,25959015.33,23578729.680411603,3549,774,7,False
2016-09-26,Casual,879670.44,845452.8279106332,241,61,7,False
2016-09-26,GenZ,748671.46,609499.0953060364,363,68,7,False
2016-09-26,Outdoor,6693488.92,5684680.224925343,3140,551,7,False
2016-09-26,Streetwear,31929860.06,28376532.969090316,4443,961,7,False
2016-10-03,Casual,369810.33,311776.3436755276,88,22,7,False
2016-10-03,GenZ,312749.86,261363.93059753382,125,36,7,False
2016-10-03,Outdoor,2892649.78,2246040.328171723,1129,191,7,False
2016-10-03,Streetwear,18392242.53,14964772.85984815,2194,493,7,False
2016-10-10,Casual,826669.37,701432.3696815458,190,40,7,False
2016-10-10,GenZ,341456.32,260614.02444405804,136,30,7,False
2016-10-10,Outdoor,4928449.38,3768651.4065997778,1969,338,7,False
2016-10-10,Streetwear,22280042.3,17571723.25154577,2567,540,7,False
2016-10-17,Casual,525290.9,443989.6516061793,122,29,7,False
2016-10-17,GenZ,289947.42,223333.6324735844,124,31,7,False
2016-10-17,Outdoor,5367765.91,4125317.2453603796,2041,341,7,False
2016-10-17,Streetwear,19040990.01,15507105.1192253,2363,548,7,False
2016-10-24,Casual,811576.44,687185.577423341,196,51,7,False
2016-10-24,GenZ,551305.7,436316.1124584399,219,49,7,False
2016-10-24,Outdoor,8713596.91,6835344.596205783,3287,558,7,False
2016-10-24,Streetwear,28588082.83,23134389.462846488,3593,770,7,False
2016-10-31,Casual,799553.19,705019.9030161607,144,27,7,False
2016-10-31,GenZ,405229.56,325318.7436369471,161,35,7,False
2016-10-31,Outdoor,6282669.12,4846445.589873211,2418,414,7,False
2016-10-31,Streetwear,20003894.84,15907670.72271255,2381,515,7,False
2016-11-07,Casual,572328.26,495287.7535726577,131,27,7,False
2016-11-07,GenZ,462995.87,355676.3483733539,180,39,7,False
2016-11-07,Outdoor,5483471.43,4236267.500912147,2229,369,7,False
2016-11-07,Streetwear,18428960.35,14692108.60587734,2143,472,7,False
2016-11-14,Casual,281485.91,218588.00406014564,62,18,7,False
2016-11-14,GenZ,367700.61,289295.5031859399,175,35,7,False
2016-11-14,Outdoor,6506197.47,5422214.8245467795,2660,464,7,False
2016-11-14,Streetwear,16439210.74,13812805.632618073,2114,482,7,False
2016-11-21,Casual,588798.22,631633.5418410375,165,35,7,False
2016-11-21,GenZ,223637.41,219722.49109800058,114,22,7,False
2016-11-21,Outdoor,5996997.89,5900390.336628748,3351,555,7,False
2016-11-21,Streetwear,14474436.55,14277820.331572138,2177,500,7,False
2016-11-28,Casual,364782.53,403303.65410356084,100,25,7,False
2016-11-28,GenZ,311544.01,299496.75418158673,157,38,7,False
2016-11-28,Outdoor,6141813.33,6033803.681596126,3467,582,7,False
2016-11-28,Streetwear,13970446.48,13964564.746892273,2112,457,7,False
2016-12-05,Casual,614848.93,671998.2944894969,143,30,7,False
2016-12-05,GenZ,205683.82,208348.46433197637,108,27,7,False
2016-12-05,Outdoor,5890495.34,5689726.698559703,3290,523,7,False
2016-12-05,Streetwear,10514304.47,10593697.083826818,1577,349,7,False
2016-12-12,Casual,364756.39,393983.48040940997,109,24,7,False
2016-12-12,GenZ,261345.02,250862.48819075458,158,34,7,False
2016-12-12,Outdoor,6600145.43,6349806.4083780665,4306,723,7,False
2016-12-12,Streetwear,14501577.52,14845018.089228906,2078,456,7,False
2016-12-19,Casual,559209.8,620750.2752283072,125,28,7,False
2016-12-19,GenZ,400567.36,391913.5157093976,223,51,7,False
2016-12-19,Outdoor,7957062.43,7469232.127277006,5459,910,7,False
2016-12-19,Streetwear,14932633.02,14918910.717198877,2082,471,7,False
2016-12-26,Casual,637946.16,717825.9048180603,219,53,7,False
2016-12-26,GenZ,853463.15,816650.1231746783,493,104,7,False
2016-12-26,Outdoor,14168913.61,13590812.874027003,9207,1579,7,False
2016-12-26,Streetwear,24315358.12,24051887.699161332,3642,807,7,False
2017-01-02,Casual,451762.87,383081.7511892492,65,11,7,False
2017-01-02,GenZ,149225.21,112570.24209616127,46,11,7,False
2017-01-02,Outdoor,2794908.21,2269568.0729361153,1060,182,7,False
2017-01-02,Streetwear,9924250.28,7893761.153865663,1160,273,7,False
2017-01-09,Casual,484625.04,402576.90448404074,107,25,7,False
2017-01-09,GenZ,247824.77000000002,201473.68134065167,88,17,7,False
2017-01-09,Outdoor,5250156.08,4137716.618618862,1762,316,7,False
2017-01-09,Streetwear,13008905.66,10588140.714593705,1551,350,7,False
2017-01-16,Casual,712370.83,639962.1654511448,140,26,7,False
2017-01-16,GenZ,144696.65,108744.63446863467,74,14,7,False
2017-01-16,Outdoor,4759110.32,3779251.9640160943,1649,286,7,False
2017-01-16,Streetwear,13965316.8,11260225.369963024,1645,366,7,False
2017-01-23,Casual,915226.88,815425.0372117491,208,38,7,False
2017-01-23,GenZ,361426.69,280867.71708597394,131,28,7,False
2017-01-23,Outdoor,5469279.54,4290183.506782378,2141,375,7,False
2017-01-23,Streetwear,21199542.95,17162957.494574673,2543,531,7,False
2017-01-30,Casual,651629.56,555941.6988642993,135,29,7,False
2017-01-30,GenZ,311542.05,246293.81769048155,120,27,7,False
2017-01-30,Outdoor,5148652.11,4218992.632952657,1881,320,7,False
2017-01-30,Streetwear,18635899.65,15194210.877138102,2227,488,7,False
2017-02-06,Casual,437782.81,372258.00760569907,113,28,7,False
2017-02-06,GenZ,220920.59,182507.59489594225,93,22,7,False
2017-02-06,Outdoor,4119377.28,3708322.280873255,1647,300,7,False
2017-02-06,Streetwear,14184042.3,11274805.796873406,1709,383,7,False
2017-02-13,Casual,801296.0700000001,684522.7552144646,136,33,7,False
2017-02-13,GenZ,245533.42,193229.16496488126,137,28,7,False
2017-02-13,Outdoor,4651746.87,4287011.869858126,1902,335,7,False
2017-02-13,Streetwear,19014782.71,15328955.100112554,2229,488,7,False
2017-02-20,Casual,778084.27,674394.8841728059,181,46,7,False
2017-02-20,GenZ,518662.85,417162.458509559,210,44,7,False
2017-02-20,Outdoor,6557442.99,6063819.706312598,2873,467,7,False
2017-02-20,Streetwear,31821571.86,25471006.80423689,3920,861,7,False
2017-02-27,Casual,549965.02,480335.9532968223,115,27,7,False
2017-02-27,GenZ,421305.83,346224.1893584925,144,28,7,False
2017-02-27,Outdoor,4135751.77,3649852.293406317,1672,302,7,False
2017-02-27,Streetwear,18500982.56,14781394.536721574,2415,523,7,False
2017-03-06,Casual,577294.28,492653.70205576275,121,24,7,False
2017-03-06,GenZ,254642.38999999998,205306.68226954938,107,25,7,False
2017-03-06,Outdoor,4899684.51,3903122.0317511465,1668,311,7,False
2017-03-06,Streetwear,24442732.36,19721806.281223092,3033,665,7,False
2017-03-13,Casual,785320.83,679204.6740731283,203,47,7,False
2017-03-13,GenZ,474180.48,341241.4772287538,221,46,7,False
2017-03-13,Outdoor,7077635.69,5517376.629993652,2571,420,7,False
2017-03-13,Streetwear,35924411.59,29636010.26141975,4602,996,7,False
2017-03-20,Casual,939801.0399999999,942445.8268862925,236,55,7,False
2017-03-20,GenZ,625142.2,540141.8019177383,265,60,7,False
2017-03-20,Outdoor,6178727.44,5461444.336172417,2798,473,7,False
2017-03-20,Streetwear,38782923.32,34831319.07319851,5670,1231,7,False
2017-03-27,Casual,1839831.82,1834533.6450868193,478,114,7,False
2017-03-27,GenZ,1236616.6,1085162.745421557,597,133,7,False
2017-03-27,Outdoor,12339468.93,11027025.930158854,5166,910,7,False
2017-03-27,Streetwear,72273817.47,66548343.70469616,11091,2400,7,False
2017-04-03,Casual,842751.48,847504.5473266913,209,45,7,False
2017-04-03,GenZ,416673.06,369201.1543305805,227,54,7,False
2017-04-03,Outdoor,5047350.72,4513973.279406849,2220,373,7,False
2017-04-03,Streetwear,30260069.45,27230064.685119882,4443,974,7,False
2017-04-10,Casual,940903.34,914725.1490377411,287,58,7,False
2017-04-10,GenZ,465009.67,412165.9250430345,220,52,7,False
2017-04-10,Outdoor,5962647.4,5222730.757944876,2668,439,7,False
2017-04-10,Streetwear,32131471.09,28788155.3717587,4775,1059,7,False
2017-04-17,Casual,1043736.73,891896.8196590994,248,57,7,False
2017-04-17,GenZ,867633.24,663841.7448466636,375,76,7,False
2017-04-17,Outdoor,6046883.74,4630665.640322603,2429,392,7,False
2017-04-17,Streetwear,41384512.35,33399858.016608294,5238,1133,7,False
2017-04-24,Casual,1796606.23,1576731.483019892,461,103,7,False
2017-04-24,GenZ,1703748.38,1353507.7139971976,709,158,7,False
2017-04-24,Outdoor,11071769.78,8608060.339749359,4362,726,7,False
2017-04-24,Streetwear,58986335.29,47715036.93945101,8074,1810,7,False
2017-05-01,Casual,1396653.56,1252424.636809253,361,75,7,False
2017-05-01,GenZ,956937.41,784000.1738628236,399,89,7,False
2017-05-01,Outdoor,6197072.8,4834108.993023025,2528,422,7,False
2017-05-01,Streetwear,43017467.61,34409702.725200996,5927,1301,7,False
2017-05-08,Casual,1205731.76,1055276.679803293,273,69,7,False
2017-05-08,GenZ,1186779.46,947664.7653474058,540,116,7,False
2017-05-08,Outdoor,6636523.16,5255268.808390008,2535,430,7,False
2017-05-08,Streetwear,43303097.66,34926666.036723964,5876,1269,7,False
2017-05-15,Casual,1466237.95,1282198.1287743244,355,84,7,False
2017-05-15,GenZ,1161726.55,917799.6075408801,528,115,7,False
2017-05-15,Outdoor,6340971.62,4864140.970608523,2423,434,7,False
2017-05-15,Streetwear,46489252.8,37356022.42290716,6182,1385,7,False
2017-05-22,Casual,1804920.47,1534998.953814826,417,91,7,False
2017-05-22,GenZ,1356964.36,1050551.4549885793,619,138,7,False
2017-05-22,Outdoor,6263895.17,4975934.015815226,2621,457,7,False
2017-05-22,Streetwear,53858651.24,43331368.21746662,7274,1615,7,False
2017-05-29,Casual,2432951.1,2163943.9161069547,615,132,7,False
2017-05-29,GenZ,2290414.7399999998,1799647.142343167,1083,233,7,False
2017-05-29,Outdoor,10350072.78,8171848.2175921835,4189,756,7,False
2017-05-29,Streetwear,80651121.42,64739377.795551345,11437,2490,7,False
2017-06-05,Casual,1277518.1,1162128.2212387992,312,66,7,False
2017-06-05,GenZ,1076888.21,843791.3195190511,508,112,7,False
2017-06-05,Outdoor,4497239.06,3535877.4327348294,1845,314,7,False
2017-06-05,Streetwear,39165734.91,31304559.651165254,5124,1125,7,False
2017-06-12,Casual,1523383.78,1308306.6533293624,347,72,7,False
2017-06-12,GenZ,1332880.28,1024329.5293924313,573,132,7,False
2017-06-12,Outdoor,5622306.84,4390099.139784886,2304,391,7,False
2017-06-12,Streetwear,47641503.92,38645990.639519356,6308,1389,7,False
2017-06-19,Casual,1132214.27,1015314.9176087237,291,61,7,False
2017-06-19,GenZ,1561759.21,1221570.8265307567,699,153,7,False
2017-06-19,Outdoor,6819085.61,5612835.994573009,2570,429,7,False
2017-06-19,Streetwear,47104105.67,38883373.36274041,6341,1425,7,False
2017-06-26,Casual,2373985.14,2516737.7165645817,708,166,7,False
2017-06-26,GenZ,1640500.91,1550743.140802645,858,200,7,False
2017-06-26,Outdoor,7112867.25,6666916.011266547,3823,637,7,False
2017-06-26,Streetwear,59957734.02,58502190.97242178,9810,2187,7,False
2017-07-03,Casual,632933.33,662534.649542047,176,42,7,False
2017-07-03,GenZ,670304.23,652349.2175766914,314,68,7,False
2017-07-03,Outdoor,2221277.96,2121199.1833532,1082,188,7,False
2017-07-03,Streetwear,22656733.08,22212736.60789481,3491,738,7,False
2017-07-10,Casual,751424.41,776902.1891574136,190,38,7,False
2017-07-10,GenZ,826783.64,759887.0547630391,431,97,7,False
2017-07-10,Outdoor,3069626.01,2946281.909657513,1509,251,7,False
2017-07-10,Streetwear,30684107.69,30135900.487881526,4756,1068,7,False
2017-07-17,Casual,880552.45,897577.9808400738,265,61,7,False
2017-07-17,GenZ,986801.23,819851.6591797693,455,103,7,False
2017-07-17,Outdoor,3667874.68,3266388.5085894084,1873,293,7,False
2017-07-17,Streetwear,38278636.49,34218077.21944292,5532,1223,7,False
2017-07-24,Casual,1222277.48,1089790.5278508435,298,60,7,False
2017-07-24,GenZ,1057737.05,816484.63969191,475,92,7,False
2017-07-24,Outdoor,5403391.64,4271673.628144859,2131,367,7,False
2017-07-24,Streetwear,48652432.99,40130644.94758498,6238,1359,7,False
2017-07-31,Casual,1522330.13,1335790.3075916278,364,81,7,False
2017-07-31,GenZ,1674374.26,1299982.3009228106,658,140,7,False
2017-07-31,Outdoor,5963352.57,4737641.174414077,2489,444,7,False
2017-07-31,Streetwear,29367386.55,42969741.54071472,6898,1495,7,False
2017-08-07,Casual,726506.42,659906.3121838354,196,42,7,False
2017-08-07,GenZ,680880.34,508235.32520676387,347,75,7,False
2017-08-07,Outdoor,4549940.7,3484666.258507181,1799,293,7,False
2017-08-07,Streetwear,12449801.78,20133182.479211748,3190,729,7,False
2017-08-14,Casual,985830.92,846141.6671994668,224,48,7,False
2017-08-14,GenZ,724702.29,547575.7448312077,341,82,7,False
2017-08-14,Outdoor,4005443.94,3151628.9642208917,1649,298,7,False
2017-08-14,Streetwear,15768884.08,25425415.8921731,3980,877,7,False
2017-08-21,Casual,864714.47,754788.1131293266,208,49,7,False
2017-08-21,GenZ,735104.62,551444.8481250326,305,77,7,False
2017-08-21,Outdoor,5235175.01,4184111.218097818,2083,365,7,False
2017-08-21,Streetwear,15713244.53,25217649.861920197,4069,876,7,False
2017-08-28,Casual,1507913.44,1310770.676524905,364,88,7,False
2017-08-28,GenZ,1478495.16,1133947.8356382807,679,156,7,False
2017-08-28,Outdoor,9510794.04,7647296.478808507,3739,668,7,False
2017-08-28,Streetwear,27873031.33,41125490.680253975,6782,1500,7,False
2017-09-04,Casual,306865.60000000003,290088.84080064594,83,19,7,False
2017-09-04,GenZ,585789.63,483918.25668981596,256,57,7,False
2017-09-04,Outdoor,2992032.28,2635977.07705359,1157,203,7,False
2017-09-04,Streetwear,19521798.34,17337562.332185883,2589,556,7,False
2017-09-11,Casual,519641.58,502552.4915874162,151,31,7,False
2017-09-11,GenZ,637959.09,541178.8352817668,289,67,7,False
2017-09-11,Outdoor,4069086.55,3554026.732329306,1746,294,7,False
2017-09-11,Streetwear,23412967.46,20821144.86668572,3139,689,7,False
2017-09-18,Casual,722768.4400000001,688683.0199369747,181,40,7,False
2017-09-18,GenZ,567107.6,496958.81463174836,294,66,7,False
2017-09-18,Outdoor,5115914.4,4417859.113673495,2041,350,7,False
2017-09-18,Streetwear,24714436.01,21939959.33197074,3431,752,7,False
2017-09-25,Casual,852736.86,768257.1989602441,195,46,7,False
2017-09-25,GenZ,922797.46,774778.9773721503,456,103,7,False
2017-09-25,Outdoor,7138522.06,6097234.756892093,2894,482,7,False
2017-09-25,Streetwear,32347475.88,28850702.97539742,4761,1045,7,False
2017-10-02,Casual,687586.36,541435.0696911687,139,29,7,False
2017-10-02,GenZ,600611.87,480317.10896890366,244,54,7,False
2017-10-02,Outdoor,3175724.31,2513842.806766497,1150,198,7,False
2017-10-02,Streetwear,18811257.07,15014062.489836045,2211,499,7,False
2017-10-09,Casual,1070564.65,885485.4799758503,217,41,7,False
2017-10-09,GenZ,561004.21,439349.02143707534,223,52,7,False
2017-10-09,Outdoor,4792265.56,3722170.977348903,1694,287,7,False
2017-10-09,Streetwear,20942132.36,16650266.444430508,2516,571,7,False
2017-10-16,Casual,827766.4,702479.2862307229,180,39,7,False
2017-10-16,GenZ,649921.8,485179.74152681103,282,65,7,False
2017-10-16,Outdoor,4390327.92,3445749.0773915504,1574,279,7,False
2017-10-16,Streetwear,22995986.15,18058318.02648716,2749,598,7,False
2017-10-23,Casual,1395321.11,1234426.4746629945,321,73,7,False
2017-10-23,GenZ,851610.18,669072.5418974957,335,77,7,False
2017-10-23,Outdoor,5856980.54,4524451.450626514,2259,401,7,False
2017-10-23,Streetwear,25639571.7,20414108.076220684,3154,678,7,False
2017-10-30,Casual,985092.73,869501.5681373728,211,44,7,False
2017-10-30,GenZ,748911.63,596072.1547109393,257,58,7,False
2017-10-30,Outdoor,6402748.85,4956790.491351799,2287,395,7,False
2017-10-30,Streetwear,24595892.59,19790488.78865886,2979,680,7,False
2017-11-06,Casual,1243558.9000000001,1026478.3252826136,259,42,7,False
2017-11-06,GenZ,279277.02,229694.8962483833,129,31,7,False
2017-11-06,Outdoor,5066258.43,3993459.976332641,1783,299,7,False
2017-11-06,Streetwear,17143646.39,13672537.142699985,2004,437,7,False
2017-11-13,Casual,1273354.77,1073045.9917530227,257,52,7,False
2017-11-13,GenZ,226985.51,180245.5150535903,101,26,7,False
2017-11-13,Outdoor,5565700.02,4323178.147159006,2205,393,7,False
2017-11-13,Streetwear,16444383.78,13641541.317128375,2047,451,7,False
2017-11-20,Casual,453031.84,502649.8443856464,126,24,7,False
2017-11-20,GenZ,200759.9,196142.93676792347,109,24,7,False
2017-11-20,Outdoor,3950078.36,3775421.0643969644,2004,331,7,False
2017-11-20,Streetwear,11923686.68,11636685.414528022,1701,395,7,False
2017-11-27,Casual,882786.71,913072.8899573543,226,45,7,False
2017-11-27,GenZ,374178.43,383265.7873372152,196,45,7,False
2017-11-27,Outdoor,6507607.39,6178795.768073262,3437,584,7,False
2017-11-27,Streetwear,17881446.72,17697368.404894654,2715,574,7,False
2017-12-04,Casual,431282.88,437475.31713213905,117,29,7,False
2017-12-04,GenZ,226617.51,200278.70202772776,129,29,7,False
2017-12-04,Outdoor,3182686.15,3110080.706212149,1683,306,7,False
2017-12-04,Streetwear,8095987.96,8027180.9456367,1191,278,7,False
2017-12-11,Casual,577260.63,573910.4968011127,151,30,7,False
2017-12-11,GenZ,304494.07,276206.17494779394,146,33,7,False
2017-12-11,Outdoor,5994719.97,5918772.662449162,3451,569,7,False
2017-12-11,Streetwear,10741732.02,10730857.613782214,1610,346,7,False
2017-12-18,Casual,555480.66,565574.9747556304,143,31,7,False
2017-12-18,GenZ,406221.41,379940.0624627417,236,49,7,False
2017-12-18,Outdoor,5707810.14,5509011.320637374,3790,639,7,False
2017-12-18,Streetwear,11482648.15,11532125.827017682,1679,380,7,False
2017-12-25,Casual,1129286.34,1189907.4294637323,263,58,7,False
2017-12-25,GenZ,421888.3,403321.00198126276,246,66,7,False
2017-12-25,Outdoor,10722324.88,10344049.678818682,6983,1157,7,False
2017-12-25,Streetwear,16985185.06,16980847.343788378,2540,574,7,False
2018-01-01,Casual,816785.14,720892.1480399972,185,39,7,False
2018-01-01,GenZ,230505.37,205069.5612632352,110,24,7,False
2018-01-01,Outdoor,3480520.15,3029008.5232559857,1767,299,7,False
2018-01-01,Streetwear,10439661.19,9012807.652555779,1362,306,7,False
2018-01-08,Casual,680224.75,522187.9783101613,158,26,7,False
2018-01-08,GenZ,260380.0,205684.34955785965,108,23,7,False
2018-01-08,Outdoor,3487852.42,2828736.0125035215,1239,217,7,False
2018-01-08,Streetwear,13297610.38,10774108.544792801,1540,324,7,False
2018-01-15,Casual,602284.64,518913.23544431827,151,25,7,False
2018-01-15,GenZ,245172.1,188169.45194107763,129,27,7,False
2018-01-15,Outdoor,3751539.32,2947311.171503358,1228,222,7,False
2018-01-15,Streetwear,14640134.19,11883076.270674521,1778,386,7,False
2018-01-22,Casual,654015.19,535222.043898004,172,37,7,False
2018-01-22,GenZ,230814.3,183177.6010541241,114,25,7,False
2018-01-22,Outdoor,3827161.53,2917494.2200501855,1384,245,7,False
2018-01-22,Streetwear,18404963.1,15145006.600305302,2123,443,7,False
2018-01-29,Casual,1022196.08,838408.4422575255,209,48,7,False
2018-01-29,GenZ,267114.9,209798.16166072592,122,32,7,False
2018-01-29,Outdoor,4341931.93,3432208.1451526615,1557,289,7,False
2018-01-29,Streetwear,23067334.64,18713185.077831235,2717,589,7,False
2018-02-05,Casual,536491.14,442707.4942090433,124,25,7,False
2018-02-05,GenZ,331625.52,249223.07794095547,155,33,7,False
2018-02-05,Outdoor,3113924.76,2445651.0992084593,1112,215,7,False
2018-02-05,Streetwear,15136476.49,11952703.312558811,1769,401,7,False
2018-02-12,Casual,869314.58,750236.3934010792,193,46,7,False
2018-02-12,GenZ,196010.22999999998,162333.24824085517,93,23,7,False
2018-02-12,Outdoor,5121479.53,3987246.0319004734,1796,300,7,False
2018-02-12,Streetwear,20797971.33,16468688.544606451,2417,544,7,False
2018-02-19,Casual,718031.5,626451.7007059652,174,38,7,False
2018-02-19,GenZ,377363.4,300187.2419110536,173,41,7,False
2018-02-19,Outdoor,5664628.68,4483925.253271068,2033,339,7,False
2018-02-19,Streetwear,20412743.79,16175717.054828813,2529,580,7,False
2018-02-26,Casual,1335573.0,1153387.1410210147,297,65,7,False
2018-02-26,GenZ,613504.71,471976.92277818697,271,58,7,False
2018-02-26,Outdoor,7043094.97,5546249.098695126,2576,443,7,False
2018-02-26,Streetwear,31233173.88,24990184.050409064,3927,857,7,False
2018-03-05,Casual,988570.96,823243.5857944478,224,45,7,False
2018-03-05,GenZ,396361.43,302066.9686722381,165,40,7,False
2018-03-05,Outdoor,3225799.3,2580083.119743375,1146,199,7,False
2018-03-05,Streetwear,20335893.08,16237558.49673691,2477,557,7,False
2018-03-12,Casual,1127655.79,950240.3768277728,272,62,7,False
2018-03-12,GenZ,712773.1,539011.593374748,323,70,7,False
2018-03-12,Outdoor,6338862.88,4865637.860670858,2242,380,7,False
2018-03-12,Streetwear,31196836.79,24989339.74127835,3988,886,7,False
2018-03-19,Casual,1486231.3,1359539.5938327964,376,70,7,False
2018-03-19,GenZ,793275.3,691891.9481019265,368,93,7,False
2018-03-19,Outdoor,5021071.16,4341165.638366543,2135,372,7,False
2018-03-19,Streetwear,30613662.46,26839361.62620324,4306,958,7,False
2018-03-26,Casual,2107166.63,2023212.527870341,577,133,7,False
2018-03-26,GenZ,1434517.53,1235808.3212898772,731,153,7,False
2018-03-26,Outdoor,8706164.26,7765990.993004129,3824,635,7,False
2018-03-26,Streetwear,48963792.76,44421504.31548247,7564,1663,7,False
2018-04-02,Casual,1510364.51,1467587.8086406912,399,90,7,False
2018-04-02,GenZ,718101.57,623216.1267458124,343,81,7,False
2018-04-02,Outdoor,4510322.32,3988722.274442498,1924,337,7,False
2018-04-02,Streetwear,31341681.81,28238276.375520993,4609,987,7,False
2018-04-09,Casual,1379802.63,1270565.0786648064,357,76,7,False
2018-04-09,GenZ,668169.43,520307.667091656,364,82,7,False
2018-04-09,Outdoor,5039004.24,4283751.794389046,2150,375,7,False
2018-04-09,Streetwear,32330416.44,28486503.799673744,4807,1072,7,False
2018-04-16,Casual,1791537.75,1541504.2288829188,414,92,7,False
2018-04-16,GenZ,1013186.98,768899.7683042889,497,124,7,False
2018-04-16,Outdoor,6030495.84,4656981.016229911,2215,386,7,False
2018-04-16,Streetwear,45731920.73,35882536.71380092,6026,1302,7,False
2018-04-23,Casual,2652132.66,2289262.5472919694,620,128,7,False
2018-04-23,GenZ,1796557.27,1327090.0848750484,755,168,7,False
2018-04-23,Outdoor,6211467.86,4860043.313778073,2484,417,7,False
2018-04-23,Streetwear,55707473.11,44254531.19115856,7678,1699,7,False
2018-04-30,Casual,2186500.46,1859361.8097444049,486,119,7,False
2018-04-30,GenZ,1933040.48,1498531.1915676233,855,182,7,False
2018-04-30,Outdoor,5807491.42,4580546.782373666,2358,396,7,False
2018-04-30,Streetwear,51392785.89,41092756.10523614,7026,1516,7,False
2018-05-07,Casual,1601912.99,1404109.8914344616,405,92,7,False
2018-05-07,GenZ,1413891.8699999999,1091156.6311228252,611,150,7,False
2018-05-07,Outdoor,4236259.75,3363224.1384123126,1631,276,7,False
2018-05-07,Streetwear,37417179.13,29583823.116238784,5307,1190,7,False
2018-05-14,Casual,2360601.09,1987664.4637046687,610,128,7,False
2018-05-14,GenZ,2159381.79,1683376.6389351706,1072,224,7,False
2018-05-14,Outdoor,5332950.55,4178421.1806440908,2145,359,7,False
2018-05-14,Streetwear,48093302.61,37999857.323315576,6647,1488,7,False
2018-05-21,Casual,2524847.12,2121896.781923248,600,119,7,False
2018-05-21,GenZ,2071500.49,1594132.6972814542,961,206,7,False
2018-05-21,Outdoor,4375452.64,3463797.8366493406,1669,290,7,False
2018-05-21,Streetwear,44438808.98,35313528.02913661,6224,1375,7,False
2018-05-28,Casual,4695627.54,3949555.3022815813,1161,242,7,False
2018-05-28,GenZ,5340316.52,4184981.6134796357,2363,514,7,False
2018-05-28,Outdoor,7965653.16,6212613.574679025,3582,624,7,False
2018-05-28,Streetwear,90448986.01,71333369.78799951,12980,2864,7,False
2018-06-04,Casual,1736954.21,1551838.924484149,441,101,7,False
2018-06-04,GenZ,2394337.39,1864674.6398022478,996,218,7,False
2018-06-04,Outdoor,2659023.55,2102131.5093356376,1152,211,7,False
2018-06-04,Streetwear,33098304.63,25902468.558585107,4740,1053,7,False
2018-06-11,Casual,2576461.51,2191552.0082786093,589,120,7,False
2018-06-11,GenZ,3254755.77,2501803.74571462,1482,318,7,False
2018-06-11,Outdoor,4205832.22,3342287.0017771386,1785,285,7,False
2018-06-11,Streetwear,47979505.92,38019084.105933316,6855,1498,7,False
2018-06-18,Casual,2614550.12,2266753.339116359,617,128,7,False
2018-06-18,GenZ,3419911.05,2632478.390830816,1465,330,7,False
2018-06-18,Outdoor,4200773.97,3424260.7791725523,1834,300,7,False
2018-06-18,Streetwear,51262021.77,41500357.36704816,7319,1582,7,False
2018-06-25,Casual,3034991.44,3088211.1144300383,929,204,7,False
2018-06-25,GenZ,2966019.08,2747432.3859844278,1610,369,7,False
2018-06-25,Outdoor,4302013.22,4152869.649003329,2342,410,7,False
2018-06-25,Streetwear,60245117.22,57765200.98125116,10569,2278,7,False
2018-07-02,Casual,1405746.08,1491289.4955105742,406,94,7,False
2018-07-02,GenZ,1817062.53,1782253.2382505136,800,175,7,False
2018-07-02,Outdoor,1702590.71,1587872.8945823307,952,155,7,False
2018-07-02,Streetwear,25261923.63,24298246.72900753,4276,961,7,False
2018-07-09,Casual,1154072.99,1195868.1571249836,336,84,7,False
2018-07-09,GenZ,1343909.34,1267341.3827900912,668,162,7,False
2018-07-09,Outdoor,2458926.97,2310621.5614108955,1233,196,7,False
2018-07-09,Streetwear,31918930.26,30903971.85167112,5217,1151,7,False
2018-07-16,Casual,1823677.2,1788533.7923327817,523,110,7,False
2018-07-16,GenZ,1509640.8,1391908.5092665395,645,152,7,False
2018-07-16,Outdoor,2433366.09,2181983.279693053,1371,232,7,False
2018-07-16,Streetwear,35174492.03,32514917.8858995,5574,1247,7,False
2018-07-23,Casual,1984343.49,1622058.8527852714,473,101,7,False
2018-07-23,GenZ,1245251.46,984796.5362746507,533,124,7,False
2018-07-23,Outdoor,2704139.76,2084750.3223017592,1248,197,7,False
2018-07-23,Streetwear,39491545.02,31435416.86931764,5465,1235,7,False
2018-07-30,Casual,2499382.3,2125010.941191881,574,128,7,False
2018-07-30,GenZ,2485199.19,2012140.7528468128,883,189,7,False
2018-07-30,Outdoor,4526633.38,3463409.4909967184,1890,324,7,False
2018-07-30,Streetwear,53196790.93,41958763.430502005,7182,1572,7,False
2018-08-06,Casual,1041455.82,851893.865856335,227,47,7,False
2018-08-06,GenZ,1297205.68,988099.225719122,506,109,7,False
2018-08-06,Outdoor,2322118.75,1783650.3178331503,1003,165,7,False
2018-08-06,Streetwear,25397504.74,19985589.81421695,3270,715,7,False
2018-08-13,Casual,874901.61,752710.3889980582,195,50,7,False
2018-08-13,GenZ,1241765.59,936427.0987274494,530,122,7,False
2018-08-13,Outdoor,3031315.49,2404215.2264729035,1235,209,7,False
2018-08-13,Streetwear,30784152.17,23986815.693930194,3882,850,7,False
2018-08-20,Casual,1218003.65,1054531.069421597,288,61,7,False
2018-08-20,GenZ,1420523.23,1091011.2917309278,474,106,7,False
2018-08-20,Outdoor,2997996.04,2367371.110061968,1192,222,7,False
2018-08-20,Streetwear,30473995.98,24151785.599268768,3719,803,7,False
2018-08-27,Casual,2416941.9,2079841.4616277465,524,116,7,False
2018-08-27,GenZ,1646513.27,1297014.7864793357,696,161,7,False
2018-08-27,Outdoor,5535201.4,4470966.113923541,2295,399,7,False
2018-08-27,Streetwear,51439471.75,41423354.16285872,6156,1353,7,False
2018-09-03,Casual,913883.88,796179.8012544956,199,40,7,False
2018-09-03,GenZ,544587.75,423114.23659448436,244,59,7,False
2018-09-03,Outdoor,1815459.03,1590182.8515035766,781,141,7,False
2018-09-03,Streetwear,18561090.92,16295362.670498608,2432,536,7,False
2018-09-10,Casual,935261.1900000001,879173.8318900678,216,47,7,False
2018-09-10,GenZ,375846.12,301982.4936617032,190,49,7,False
2018-09-10,Outdoor,2371903.76,2036726.0283091725,1068,183,7,False
2018-09-10,Streetwear,21135540.19,18907397.699951362,2749,595,7,False
2018-09-17,Casual,978812.4199999999,887222.9558483365,239,53,7,False
2018-09-17,GenZ,706288.29,598210.3579027117,309,62,7,False
2018-09-17,Outdoor,2646832.96,2335310.145242376,1189,207,7,False
2018-09-17,Streetwear,20386418.69,18107358.13822738,2629,565,7,False
2018-09-24,Casual,1310592.2,1184164.9522788695,269,62,7,False
2018-09-24,GenZ,816264.39,613486.8745081,355,74,7,False
2018-09-24,Outdoor,3811682.11,3277795.356623749,1536,243,7,False
2018-09-24,Streetwear,28898246.65,25318426.88996107,3619,804,7,False
2018-10-01,Casual,559062.98,461082.09443896904,114,26,7,False
2018-10-01,GenZ,681529.66,521789.7673502639,260,61,7,False
2018-10-01,Outdoor,1927234.93,1572338.6223557694,695,130,7,False
2018-10-01,Streetwear,15316026.63,12125647.548162714,1767,388,7,False
2018-10-08,Casual,630226.52,521713.04216340533,129,31,7,False
2018-10-08,GenZ,551318.98,415946.0252723593,242,48,7,False
2018-10-08,Outdoor,1803420.99,1391026.5730025766,646,118,7,False
2018-10-08,Streetwear,17711519.95,14029613.637385868,2011,431,7,False
2018-10-15,Casual,795228.5,650784.5699382195,162,38,7,False
2018-10-15,GenZ,596836.49,400409.30229040654,233,54,7,False
2018-10-15,Outdoor,2711655.56,2092931.13009255,945,180,7,False
2018-10-15,Streetwear,16960358.98,13377337.035356872,1956,445,7,False
2018-10-22,Casual,882371.39,698401.52567424,178,44,7,False
2018-10-22,GenZ,456688.29,340129.2674809183,219,50,7,False
2018-10-22,Outdoor,3499582.55,2711693.314888895,1218,212,7,False
2018-10-22,Streetwear,18393622.2,14884636.06844168,2132,481,7,False
2018-10-29,Casual,1109410.9,964311.8819935699,225,49,7,False
2018-10-29,GenZ,884021.82,667218.3330110356,342,72,7,False
2018-10-29,Outdoor,3844713.63,2981951.2018979173,1349,219,7,False
2018-10-29,Streetwear,21073742.68,16808907.328623652,2376,514,7,False
2018-11-05,Casual,598807.63,526138.8519953312,127,24,7,False
2018-11-05,GenZ,380408.31,276134.6606718999,154,32,7,False
2018-11-05,Outdoor,2946057.44,2352046.973782421,1024,166,7,False
2018-11-05,Streetwear,13406670.69,10642683.601591546,1471,305,7,False
2018-11-12,Casual,613121.96,521875.1637059107,135,29,7,False
2018-11-12,GenZ,371678.56,262804.89753515646,155,35,7,False
2018-11-12,Outdoor,2865217.59,2303728.825425748,1149,205,7,False
2018-11-12,Streetwear,12032892.59,9556696.264429038,1393,312,7,False
2018-11-19,Casual,710495.23,713580.6982499687,170,39,7,False
2018-11-19,GenZ,300911.32,280301.0784431885,152,32,7,False
2018-11-19,Outdoor,2411280.27,2271451.0640366236,1179,206,7,False
2018-11-19,Streetwear,10530722.93,9803752.166273063,1335,287,7,False
2018-11-26,Casual,534072.28,577033.033778203,142,26,7,False
2018-11-26,GenZ,371998.96,346667.62119211326,191,42,7,False
2018-11-26,Outdoor,3200620.3,3009417.929878857,1759,306,7,False
2018-11-26,Streetwear,9018784.99,8817862.7586488,1314,294,7,False
2018-12-03,Casual,331342.45,359031.96449699486,86,18,7,False
2018-12-03,GenZ,315018.0,282915.4496009522,138,30,7,False
2018-12-03,Outdoor,2236025.87,2159786.7163974554,1180,209,7,False
2018-12-03,Streetwear,7094631.21,6871904.603671202,973,222,7,False
2018-12-10,Casual,307852.6,307969.6227548266,94,20,7,False
2018-12-10,GenZ,288341.51,280826.8700474909,133,26,7,False
2018-12-10,Outdoor,3215558.58,3077372.421394415,1935,314,7,False
2018-12-10,Streetwear,8304180.68,8264774.481956049,1159,258,7,False
2018-12-17,Casual,320735.47,341845.20084005827,93,22,7,False
2018-12-17,GenZ,360059.27999999997,332100.13147290674,172,38,7,False
2018-12-17,Outdoor,3942707.06,3780261.108505444,2646,419,7,False
2018-12-17,Streetwear,7444874.85,7266249.313403107,1037,228,7,False
2018-12-24,Casual,900645.47,939664.4301872872,199,45,7,False
2018-12-24,GenZ,565339.03,467560.9455156162,298,69,7,False
2018-12-24,Outdoor,5585144.45,5404047.934900517,3555,587,7,False
2018-12-24,Streetwear,14036976.06,13776969.32380776,1937,421,7,False
2018-12-31,Casual,610000.09,533812.468917651,155,27,7,False
2018-12-31,GenZ,265167.3,219885.24960290693,145,32,7,False
2018-12-31,Outdoor,2986163.33,2658771.306533988,1410,252,7,False
2018-12-31,Streetwear,9119226.32,8065046.9885584265,1137,257,7,False
2019-01-07,Casual,427766.48,334339.990936843,93,22,7,False
2019-01-07,GenZ,56644.8,37295.32646030766,24,9,7,False
2019-01-07,Outdoor,1822009.75,1461604.1426179234,691,126,7,False
2019-01-07,Streetwear,12045501.82,9635005.97321692,1294,267,7,False
2019-01-14,Casual,692570.92,589782.0397667376,117,24,7,False
2019-01-14,GenZ,184055.39,129184.74117082459,98,21,7,False
2019-01-14,Outdoor,2154844.44,1679668.5058495193,728,125,7,False
2019-01-14,Streetwear,11228147.97,8836775.851008983,1214,265,7,False
2019-01-21,Casual,581050.45,484791.9970990859,110,25,7,False
2019-01-21,GenZ,272434.84,217867.8590757382,109,22,7,False
2019-01-21,Outdoor,2962094.18,2358210.654624809,1043,177,7,False
2019-01-21,Streetwear,14289229.67,11407637.060811585,1611,347,7,False
2019-01-28,Casual,1060874.05,924858.1834371396,218,46,7,False
2019-01-28,GenZ,366542.8,312446.2309688744,150,37,7,False
2019-01-28,Outdoor,3306873.6,2779800.3428574544,1490,264,7,False
2019-01-28,Streetwear,19342990.38,15301052.095154632,2217,468,7,False
2019-02-04,Casual,476783.38,413490.81302110263,95,17,7,False
2019-02-04,GenZ,310139.46,234626.91072402,135,30,7,False
2019-02-04,Outdoor,2746077.44,2458062.9207507945,1445,254,7,False
2019-02-04,Streetwear,10717366.98,8483101.93078879,1240,286,7,False
2019-02-11,Casual,366178.16000000003,317311.7691138545,97,22,7,False
2019-02-11,GenZ,121284.22,83675.68973250814,79,19,7,False
2019-02-11,Outdoor,2552323.62,2317404.8394867056,1021,168,7,False
2019-02-11,Streetwear,16907461.68,13443500.763066031,1949,446,7,False
2019-02-18,Casual,925209.66,760802.6428634666,201,41,7,False
2019-02-18,GenZ,378403.26,289016.9101413303,173,31,7,False
2019-02-18,Outdoor,2789162.3,2620826.036343283,978,170,7,False
2019-02-18,Streetwear,19623662.97,15750279.856270285,2349,511,7,False
2019-02-25,Casual,616919.51,507254.78677803377,143,34,7,False
2019-02-25,GenZ,414588.57,347820.1285148632,150,31,7,False
2019-02-25,Outdoor,2562654.55,2356505.00208179,886,168,7,False
2019-02-25,Streetwear,20379412.82,16219628.647185028,2385,513,7,False
2019-03-04,Casual,510784.25,437099.1897740825,108,25,7,False
2019-03-04,GenZ,359537.75,268027.5635111493,152,35,7,False
2019-03-04,Outdoor,1855304.91,1507183.056889962,571,93,7,False
2019-03-04,Streetwear,15718567.51,12594078.816155843,1784,378,7,False
2019-03-11,Casual,1232780.84,1009700.6187785808,258,50,7,False
2019-03-11,GenZ,365013.27,277398.10114989115,147,36,7,False
2019-03-11,Outdoor,2754557.24,2184328.764796701,882,146,7,False
2019-03-11,Streetwear,21047667.55,16913127.731462788,2423,549,7,False
2019-03-18,Casual,1145963.92,1051317.8230269002,236,50,7,False
2019-03-18,GenZ,586185.3,497747.5751048395,277,59,7,False
2019-03-18,Outdoor,3218775.3,2712917.3601597254,1026,182,7,False
2019-03-18,Streetwear,25701640.96,22532764.686784565,3227,716,7,False
2019-03-25,Casual,1532811.04,1463357.4513700972,392,83,7,False
2019-03-25,GenZ,655105.0,537016.361802089,370,79,7,False
2019-03-25,Outdoor,5937621.77,5447090.823278437,2185,368,7,False
2019-03-25,Streetwear,34770505.87,31182368.875553988,4859,1080,7,False
2019-04-01,Casual,1219551.03,1138608.0570151424,245,56,7,False
2019-04-01,GenZ,535555.2,505958.8330070097,205,48,7,False
2019-04-01,Outdoor,3163136.98,2894428.411940284,1154,203,7,False
2019-04-01,Streetwear,24979438.59,22642686.213097125,3402,747,7,False
2019-04-08,Casual,1142800.02,1065064.155865168,254,47,7,False
2019-04-08,GenZ,336376.41,273602.613705182,153,40,7,False
2019-04-08,Outdoor,3055046.55,2790695.483982694,1135,202,7,False
2019-04-08,Streetwear,19877290.33,18108011.067841247,2674,578,7,False
2019-04-15,Casual,1026965.1,885405.7098150137,235,52,7,False
2019-04-15,GenZ,528052.25,405715.24650112254,238,54,7,False
2019-04-15,Outdoor,2958791.52,2419839.137274859,1011,186,7,False
2019-04-15,Streetwear,23432511.06,18835996.472655185,2798,630,7,False
2019-04-22,Casual,1892084.04,1522331.615958777,403,81,7,False
2019-04-22,GenZ,566712.63,414004.993673621,242,50,7,False
2019-04-22,Outdoor,4017726.76,3230961.875140886,1274,218,7,False
2019-04-22,Streetwear,29305064.13,23166088.716631975,3440,766,7,False
2019-04-29,Casual,1501644.99,1241842.6545171076,313,70,7,False
2019-04-29,GenZ,1013565.59,762761.1715747574,413,88,7,False
2019-04-29,Outdoor,4414219.42,3413408.624290206,1534,264,7,False
2019-04-29,Streetwear,35543825.12,28372334.991948407,4345,947,7,False
2019-05-06,Casual,643403.22,539896.7325819327,158,35,7,False
2019-05-06,GenZ,693682.81,535287.7138634345,272,62,7,False
2019-05-06,Outdoor,2212280.84,1776822.1375515955,744,129,7,False
2019-05-06,Streetwear,19710472.37,15599301.017385822,2345,515,7,False
2019-05-13,Casual,1452718.89,1163226.8659769327,308,60,7,False
2019-05-13,GenZ,656076.44,510353.79181378905,257,55,7,False
2019-05-13,Outdoor,3396202.29,2689124.8232775945,1178,202,7,False
2019-05-13,Streetwear,26138670.35,20702185.985526692,3167,696,7,False
2019-05-20,Casual,1095133.83,899612.1694805415,231,45,7,False
2019-05-20,GenZ,653492.9,482511.9170548285,260,58,7,False
2019-05-20,Outdoor,3876044.35,3062346.829107265,1368,245,7,False
2019-05-20,Streetwear,24771151.22,19810739.457929976,2928,648,7,False
2019-05-27,Casual,1539743.93,1297021.0960294611,371,88,7,False
2019-05-27,GenZ,1476968.98,1147572.2624944944,575,121,7,False
2019-05-27,Outdoor,5758284.34,4559375.661275779,2187,361,7,False
2019-05-27,Streetwear,41488746.77,33229471.86226798,5081,1156,7,False
2019-06-03,Casual,917422.77,733714.1567072379,211,50,7,False
2019-06-03,GenZ,649511.26,498074.9602098725,251,53,7,False
2019-06-03,Outdoor,2744628.28,2210670.520083485,971,160,7,False
2019-06-03,Streetwear,22395138.3,17738210.647051316,2789,616,7,False
2019-06-10,Casual,804499.22,649275.279671506,180,41,7,False
2019-06-10,GenZ,616159.32,458773.6369960871,281,59,7,False
2019-06-10,Outdoor,3340267.5,2722752.7182503147,1226,211,7,False
2019-06-10,Streetwear,23783749.54,18937136.61991621,2886,623,7,False
2019-06-17,Casual,1191511.19,996260.3310326632,284,66,7,False
2019-06-17,GenZ,681574.4,524337.7217026122,305,67,7,False
2019-06-17,Outdoor,2827773.03,2214929.4757593996,1228,205,7,False
2019-06-17,Streetwear,26261665.7,21084788.350818273,3247,707,7,False
2019-06-24,Casual,1078257.34,1109947.124672786,314,67,7,False
2019-06-24,GenZ,611283.77,532313.0931993793,350,79,7,False
2019-06-24,Outdoor,3805874.66,3580451.352303445,1839,320,7,False
2019-06-24,Streetwear,30122541.31,28406814.72754015,4330,920,7,False
2019-07-01,Casual,1105699.76,1086936.3084151112,271,60,7,False
2019-07-01,GenZ,629124.64,585423.4431445996,313,67,7,False
2019-07-01,Outdoor,2147213.32,2101476.8767823726,981,170,7,False
2019-07-01,Streetwear,17916438.02,17637124.873054046,2590,560,7,False
2019-07-08,Casual,802447.82,792640.0215916289,199,45,7,False
2019-07-08,GenZ,418949.58999999997,383182.2164977266,222,50,7,False
2019-07-08,Outdoor,1851527.37,1790853.6165254386,889,163,7,False
2019-07-08,Streetwear,15880546.07,15142276.534794688,2323,517,7,False
2019-07-15,Casual,891424.45,876363.8158370714,214,48,7,False
2019-07-15,GenZ,547768.6900000001,504479.75911628944,302,66,7,False
2019-07-15,Outdoor,2246482.87,2102044.861587615,930,165,7,False
2019-07-15,Streetwear,18757971.27,17877533.471367735,2689,582,7,False
2019-07-22,Casual,904011.81,792829.7164536247,187,41,7,False
2019-07-22,GenZ,634962.23,478117.8800338902,293,61,7,False
2019-07-22,Outdoor,2539852.25,2023811.7348426643,1042,176,7,False
2019-07-22,Streetwear,20148567.73,15857285.437539982,2503,559,7,False
2019-07-29,Casual,1359849.0,1233443.892607388,286,62,7,False
2019-07-29,GenZ,791742.7,616958.1510255699,356,72,7,False
2019-07-29,Outdoor,3396596.28,2713116.7622369886,1283,215,7,False
2019-07-29,Streetwear,19773667.89,24094268.58678798,3576,787,7,False
2019-08-05,Casual,607555.37,495216.6467650733,132,29,7,False
2019-08-05,GenZ,660191.92,523326.70986492594,286,58,7,False
2019-08-05,Outdoor,1616537.36,1248953.3043530993,601,99,7,False
2019-08-05,Streetwear,9989851.54,15694934.283619136,2200,482,7,False
2019-08-12,Casual,669194.59,557691.2615118538,151,31,7,False
2019-08-12,GenZ,611452.48,417449.35708510753,305,66,7,False
2019-08-12,Outdoor,2397919.3,1886592.1093783022,849,148,7,False
2019-08-12,Streetwear,10840438.87,17349422.48012166,2544,575,7,False
2019-08-19,Casual,1034758.54,880021.9455969556,224,50,7,False
2019-08-19,GenZ,788719.95,586400.6778581814,335,80,7,False
2019-08-19,Outdoor,2983316.36,2250674.53012477,1152,190,7,False
2019-08-19,Streetwear,11996870.31,18746243.63466178,2692,578,7,False
2019-08-26,Casual,1318100.57,1118416.160285726,291,64,7,False
2019-08-26,GenZ,1204454.48,920730.0142460917,499,120,7,False
2019-08-26,Outdoor,5326712.69,4198144.972115384,1909,351,7,False
2019-08-26,Streetwear,20595078.85,31220993.250157025,4629,1041,7,False
2019-09-02,Casual,337690.10000000003,304221.1015747518,92,19,7,False
2019-09-02,GenZ,431059.03,370161.8669708246,213,40,7,False
2019-09-02,Outdoor,1215290.63,1074158.0631701502,524,81,7,False
2019-09-02,Streetwear,10765366.42,9909929.34276966,1404,306,7,False
2019-09-09,Casual,653396.9299999999,600993.3896241375,153,33,7,False
2019-09-09,GenZ,549890.0599999999,456457.44756955013,263,57,7,False
2019-09-09,Outdoor,2074885.74,1775215.2309058805,830,147,7,False
2019-09-09,Streetwear,15233790.79,13397121.479182975,1952,424,7,False
2019-09-16,Casual,680038.31,609350.1892884594,158,39,7,False
2019-09-16,GenZ,523032.82,479762.76589642133,243,51,7,False
2019-09-16,Outdoor,2499565.33,2150885.56776271,953,148,7,False
2019-09-16,Streetwear,15590994.91,13617338.503449725,1920,433,7,False
2019-09-23,Casual,1250480.47,1134634.2717462706,290,65,7,False
2019-09-23,GenZ,722469.14,594942.603637808,342,77,7,False
2019-09-23,Outdoor,2649968.2,2311474.5549795795,1158,196,7,False
2019-09-23,Streetwear,19288148.4,17135186.15600402,2430,551,7,False
2019-09-30,Casual,706546.61,596807.4666291514,160,39,7,False
2019-09-30,GenZ,475164.27999999997,371630.1201885033,200,44,7,False
2019-09-30,Outdoor,2134338.69,1692885.4494334927,762,131,7,False
2019-09-30,Streetwear,13341474.82,10656539.166726207,1483,322,7,False
2019-10-07,Casual,556392.66,454416.7683367704,106,23,7,False
2019-10-07,GenZ,183382.25,138074.07099484274,114,29,7,False
2019-10-07,Outdoor,1583941.15,1293078.0662633465,551,99,7,False
2019-10-07,Streetwear,9602909.68,7597779.703352532,1081,240,7,False
2019-10-14,Casual,217942.59,173844.3594208897,56,16,7,False
2019-10-14,GenZ,405920.02,314970.56572432304,200,38,7,False
2019-10-14,Outdoor,2321175.04,1900261.233266236,789,119,7,False
2019-10-14,Streetwear,10995809.6,8751843.744922832,1238,282,7,False
2019-10-21,Casual,927729.55,797872.1858182212,184,39,7,False
2019-10-21,GenZ,308225.38,238168.54078863375,126,29,7,False
2019-10-21,Outdoor,2166398.73,1691983.2156255736,750,129,7,False
2019-10-21,Streetwear,13812901.71,11012257.843366569,1583,351,7,False
2019-10-28,Casual,1185285.78,1022959.7431963384,234,52,7,False
2019-10-28,GenZ,548314.87,411523.8990211164,239,51,7,False
2019-10-28,Outdoor,2907259.68,2259827.7023130436,1067,186,7,False
2019-10-28,Streetwear,17134713.09,13887430.568749774,1987,440,7,False
2019-11-04,Casual,328456.23,293782.6301201824,71,15,7,False
2019-11-04,GenZ,283026.01,215124.00155378447,129,27,7,False
2019-11-04,Outdoor,1721274.24,1372981.0292535045,645,110,7,False
2019-11-04,Streetwear,10215030.19,8064214.415307176,1115,247,7,False
2019-11-11,Casual,369948.65,277382.0330659136,74,18,7,False
2019-11-11,GenZ,255285.38,204134.04826931588,129,26,7,False
2019-11-11,Outdoor,2297540.54,1815398.115810395,833,145,7,False
2019-11-11,Streetwear,12645202.08,10203347.133991644,1370,302,7,False
2019-11-18,Casual,434812.36,416132.5730028525,104,25,7,False
2019-11-18,GenZ,245149.13,226202.09933425227,118,33,7,False
2019-11-18,Outdoor,1983242.02,1855785.2680123488,897,161,7,False
2019-11-18,Streetwear,8216237.24,7746559.972455237,1053,241,7,False
2019-11-25,Casual,408621.56,425193.3570987002,100,22,7,False
2019-11-25,GenZ,253548.5,227749.95579227118,138,32,7,False
2019-11-25,Outdoor,2297308.82,2242429.1154180914,1369,225,7,False
2019-11-25,Streetwear,9484800.37,9545802.76885037,1342,311,7,False
2019-12-02,Casual,232884.8,250851.84930747273,64,16,7,False
2019-12-02,GenZ,139271.19,127132.5821244775,105,20,7,False
2019-12-02,Outdoor,1674285.21,1628445.2973312307,990,179,7,False
2019-12-02,Streetwear,4360292.95,4256212.286314044,588,132,7,False
2019-12-09,Casual,166495.22999999998,178661.68849332098,48,10,7,False
2019-12-09,GenZ,195084.25,199829.29760132168,111,23,7,False
2019-12-09,Outdoor,2432113.56,2357339.015342942,1532,280,7,False
2019-12-09,Streetwear,5160140.11,5060314.30112253,714,161,7,False
2019-12-16,Casual,399520.62,402173.757301701,101,24,7,False
2019-12-16,GenZ,302907.46,318974.24030985055,150,32,7,False
2019-12-16,Outdoor,2979870.2,2916286.213030275,2091,366,7,False
2019-12-16,Streetwear,8300916.85,8243436.820379917,1093,247,7,False
2019-12-23,Casual,277848.91000000003,262002.6951409718,74,13,7,False
2019-12-23,GenZ,293155.34,279061.18813106936,187,44,7,False
2019-12-23,Outdoor,4620149.31,4564554.335971064,3243,537,7,False
2019-12-23,Streetwear,8971537.08,8913849.925204247,1158,263,7,False
2019-12-30,Casual,584246.46,594232.9452247517,148,29,7,False
2019-12-30,GenZ,200804.32,194254.55990110175,108,25,7,False
2019-12-30,Outdoor,3051924.62,2828299.3522177665,1781,298,7,False
2019-12-30,Streetwear,7636427.33,7085204.900495317,942,223,7,False
2020-01-06,Casual,326375.52,293636.79778638645,71,19,7,False
2020-01-06,GenZ,75386.66,52938.14091606215,45,12,7,False
2020-01-06,Outdoor,1714427.48,1347748.2810379346,557,93,7,False
2020-01-06,Streetwear,5694872.9,4557813.977547194,616,138,7,False
2020-01-13,Casual,119991.14,109158.56456591864,23,8,7,False
2020-01-13,GenZ,79107.34,57284.173366613744,52,10,7,False
2020-01-13,Outdoor,1751647.56,1357043.3860917166,551,94,7,False
2020-01-13,Streetwear,8650196.96,6707664.433926422,882,195,7,False
2020-01-20,Casual,268383.58,205870.37654185185,60,14,7,False
2020-01-20,GenZ,148957.72999999998,118979.75541044466,88,18,7,False
2020-01-20,Outdoor,2062434.08,1584992.4175016186,704,114,7,False
2020-01-20,Streetwear,9120577.66,7287097.577076106,946,208,7,False
2020-01-27,Casual,728716.86,641120.5224943793,161,32,7,False
2020-01-27,GenZ,134003.42,112957.82165150269,64,15,7,False
2020-01-27,Outdoor,2354666.7800000003,1789897.8540092595,730,128,7,False
2020-01-27,Streetwear,11937198.26,9323093.854497155,1241,303,7,False
2020-02-03,Casual,317290.45,265663.695006469,66,15,7,False
2020-02-03,GenZ,206389.75,162360.40236875514,86,20,7,False
2020-02-03,Outdoor,1762214.19,1397802.0985596958,538,105,7,False
2020-02-03,Streetwear,8770050.56,6982158.995002623,909,202,7,False
2020-02-10,Casual,487048.32,413666.5346390504,95,21,7,False
2020-02-10,GenZ,166795.85,137111.44495595293,78,17,7,False
2020-02-10,Outdoor,2008459.78,1601329.0854068233,577,104,7,False
2020-02-10,Streetwear,10655293.35,8600637.350579236,1193,269,7,False
2020-02-17,Casual,463013.83999999997,369001.9427558677,92,22,7,False
2020-02-17,GenZ,333539.27,247368.5371425267,176,38,7,False
2020-02-17,Outdoor,2737331.8,2078166.637113861,848,156,7,False
2020-02-17,Streetwear,14519237.65,11575727.440112505,1484,336,7,False
2020-02-24,Casual,449362.82,407559.32196582976,76,18,7,False
2020-02-24,GenZ,313374.99,244935.65829790774,125,28,7,False
2020-02-24,Outdoor,2360364.4,1810262.2909976016,771,120,7,False
2020-02-24,Streetwear,14916056.12,11974075.79967365,1449,319,7,False
2020-03-02,Casual,569122.95,498752.2856847821,120,25,7,False
2020-03-02,GenZ,209904.16,177257.10992690898,78,15,7,False
2020-03-02,Outdoor,1703989.04,1354570.3275063697,527,89,7,False
2020-03-02,Streetwear,9217162.57,7232312.624429968,1033,224,7,False
2020-03-09,Casual,987053.72,827394.1339002692,214,41,7,False
2020-03-09,GenZ,192874.7,153786.90925846715,80,21,7,False
2020-03-09,Outdoor,3137526.5,2530689.0222580875,1008,180,7,False
2020-03-09,Streetwear,17696147.07,14141626.895685256,1983,419,7,False
2020-03-16,Casual,882147.63,830755.8329500965,184,47,7,False
2020-03-16,GenZ,371543.19,300503.18771598267,183,40,7,False
2020-03-16,Outdoor,3537820.27,2896279.460547437,1130,198,7,False
2020-03-16,Streetwear,23087275.84,19468569.556865502,2701,591,7,False
2020-03-23,Casual,1308857.67,1349401.2895855168,322,64,7,False
2020-03-23,GenZ,363431.55,346908.7542388251,185,43,7,False
2020-03-23,Outdoor,3701378.67,3355849.7344908295,1444,243,7,False
2020-03-23,Streetwear,27705616.66,24658586.944609493,3524,786,7,False
2020-03-30,Casual,1495041.0,1484470.501968852,378,86,7,False
2020-03-30,GenZ,688527.65,617558.0438143604,348,81,7,False
2020-03-30,Outdoor,5209081.37,4627639.146013725,1974,356,7,False
2020-03-30,Streetwear,37150806.29,33280608.720356155,4966,1076,7,False
2020-04-06,Casual,598804.87,548944.0790438097,128,32,7,False
2020-04-06,GenZ,391626.98,357195.93250038294,219,46,7,False
2020-04-06,Outdoor,2908843.01,2594207.904245288,1103,184,7,False
2020-04-06,Streetwear,19043090.45,17134675.447917122,2434,547,7,False
2020-04-13,Casual,1042668.22,912947.3372933144,233,53,7,False
2020-04-13,GenZ,468619.69,382510.56680477224,241,50,7,False
2020-04-13,Outdoor,2831426.13,2398303.260664034,1063,204,7,False
2020-04-13,Streetwear,26282535.16,21912317.544235174,3192,715,7,False
2020-04-20,Casual,1083765.07,908775.6633509329,238,54,7,False
2020-04-20,GenZ,505040.03,378345.5480703424,248,63,7,False
2020-04-20,Outdoor,3454424.8,2694409.912240905,1224,225,7,False
2020-04-20,Streetwear,25292657.64,19988742.522264205,2945,675,7,False
2020-04-27,Casual,1647003.45,1387131.4878104937,353,73,7,False
2020-04-27,GenZ,844316.5599999999,686103.7594858604,353,81,7,False
2020-04-27,Outdoor,4573331.2,3598900.3094913457,1556,279,7,False
2020-04-27,Streetwear,36737806.46,29308297.405428857,4304,948,7,False
2020-05-04,Casual,713663.79,588676.3113764718,151,37,7,False
2020-05-04,GenZ,398454.86,303087.1874043502,174,41,7,False
2020-05-04,Outdoor,2771380.96,2253031.797389491,884,157,7,False
2020-05-04,Streetwear,15911177.02,12428076.950282922,1774,384,7,False
2020-05-11,Casual,682854.31,563547.3624700578,150,36,7,False
2020-05-11,GenZ,486183.32,373030.70264434436,240,58,7,False
2020-05-11,Outdoor,2229870.44,1774250.1173774078,798,152,7,False
2020-05-11,Streetwear,22318969.24,17707207.198494904,2483,550,7,False
2020-05-18,Casual,1049024.68,867941.1693866688,217,51,7,False
2020-05-18,GenZ,505977.45,382617.6055764918,201,44,7,False
2020-05-18,Outdoor,2966873.72,2368190.276139193,1157,197,7,False
2020-05-18,Streetwear,23518582.77,18842894.643483337,2755,615,7,False
2020-05-25,Casual,1276803.61,1085038.587807363,270,63,7,False
2020-05-25,GenZ,798293.91,592179.0123130655,383,79,7,False
2020-05-25,Outdoor,5007931.33,4054732.7567621507,1830,349,7,False
2020-05-25,Streetwear,36457289.69,28803973.50954332,4173,916,7,False
2020-06-01,Casual,1121179.72,949574.7459512567,218,49,7,False
2020-06-01,GenZ,746950.17,579542.7206631174,334,77,7,False
2020-06-01,Outdoor,2470537.96,1954684.4767918542,985,172,7,False
2020-06-01,Streetwear,20255316.68,16171427.7782105,2272,500,7,False
2020-06-08,Casual,787791.96,630159.9478454612,172,37,7,False
2020-06-08,GenZ,698302.87,556644.656041347,311,65,7,False
2020-06-08,Outdoor,1707608.28,1344992.9574707884,660,119,7,False
2020-06-08,Streetwear,20530218.07,16329613.476248238,2262,497,7,False
2020-06-15,Casual,925055.88,791065.9099511432,186,40,7,False
2020-06-15,GenZ,609690.32,445292.99251005874,302,65,7,False
2020-06-15,Outdoor,2413134.79,1924441.2740525194,888,158,7,False
2020-06-15,Streetwear,21274451.22,16838572.050339647,2419,552,7,False
2020-06-22,Casual,1154838.7,1108693.545940503,266,53,7,False
2020-06-22,GenZ,564361.07,485178.7220747439,279,60,7,False
2020-06-22,Outdoor,1501693.87,1303382.9462828357,696,125,7,False
2020-06-22,Streetwear,23113843.88,20573276.197297864,2962,644,7,False
2020-06-29,Casual,997335.5800000001,1020421.9225617065,276,62,7,False
2020-06-29,GenZ,785976.12,781103.0959299494,449,103,7,False
2020-06-29,Outdoor,2108444.25,2021169.5587712666,948,174,7,False
2020-06-29,Streetwear,22300475.9,21833582.9945958,3354,729,7,False
2020-07-06,Casual,534247.68,546785.1863626722,139,31,7,False
2020-07-06,GenZ,553838.17,533780.659182884,298,64,7,False
2020-07-06,Outdoor,1283995.16,1215930.7519492381,628,107,7,False
2020-07-06,Streetwear,14046987.2,13681181.650208015,1974,439,7,False
2020-07-13,Casual,655185.78,669410.9667578307,176,36,7,False
2020-07-13,GenZ,406786.32,372725.412093475,242,59,7,False
2020-07-13,Outdoor,1386504.44,1301635.8835340228,581,109,7,False
2020-07-13,Streetwear,16321818.82,15827535.143775921,2216,479,7,False
2020-07-20,Casual,874532.79,735026.1575263015,187,42,7,False
2020-07-20,GenZ,637855.01,503698.5908766707,311,69,7,False
2020-07-20,Outdoor,2009069.29,1562413.857104935,716,118,7,False
2020-07-20,Streetwear,18380515.31,14927735.795863898,2230,485,7,False
2020-07-27,Casual,1330551.02,1112154.6372183678,277,57,7,False
2020-07-27,GenZ,719554.93,559805.2363197083,316,77,7,False
2020-07-27,Outdoor,1805148.55,1467805.297681229,694,128,7,False
2020-07-27,Streetwear,25771009.76,20266725.627597753,3102,691,7,False
2020-08-03,Casual,888513.01,737290.920559862,195,40,7,False
2020-08-03,GenZ,558906.38,451047.4879154049,243,49,7,False
2020-08-03,Outdoor,1677497.89,1307947.3534631154,593,110,7,False
2020-08-03,Streetwear,18448795.71,14570875.382664079,1992,439,7,False
2020-08-10,Casual,845051.87,712666.805141681,177,35,7,False
2020-08-10,GenZ,513293.37,406123.5163963902,241,54,7,False
2020-08-10,Outdoor,2121395.45,1736016.2280006753,686,121,7,False
2020-08-10,Streetwear,18489697.88,14839823.179198826,1968,448,7,False
2020-08-17,Casual,893410.76,719824.2270684589,194,37,7,False
2020-08-17,GenZ,713934.64,560030.8159726672,329,71,7,False
2020-08-17,Outdoor,1716705.17,1389417.8925817215,624,108,7,False
2020-08-17,Streetwear,19648634.63,15585523.384541579,2143,484,7,False
2020-08-24,Casual,1153534.06,963433.3223792317,259,58,7,False
2020-08-24,GenZ,729227.52,572091.8566444849,372,91,7,False
2020-08-24,Outdoor,3296364.76,2692248.6713182474,1139,195,7,False
2020-08-24,Streetwear,31401078.51,25406386.38627874,3545,786,7,False
2020-08-31,Casual,531346.6,472385.12182975776,139,29,7,False
2020-08-31,GenZ,503617.48,382847.83231474657,237,55,7,False
2020-08-31,Outdoor,1931834.42,1598891.5501913305,649,109,7,False
2020-08-31,Streetwear,19225246.4,16706829.94334255,2127,458,7,False
2020-09-07,Casual,662826.66,596957.3423017823,166,38,7,False
2020-09-07,GenZ,380913.27999999997,350993.8798109901,203,42,7,False
2020-09-07,Outdoor,1468842.16,1269269.6532377477,580,103,7,False
2020-09-07,Streetwear,14671274.69,13070428.552974166,1728,380,7,False
2020-09-14,Casual,555852.31,515970.6874457384,119,22,7,False
2020-09-14,GenZ,469686.75,413631.2043337284,229,51,7,False
2020-09-14,Outdoor,1396653.36,1199415.4884816327,583,101,7,False
2020-09-14,Streetwear,13889240.64,12348826.083677633,1615,355,7,False
2020-09-21,Casual,654123.08,600205.9501160809,152,36,7,False
2020-09-21,GenZ,551573.52,468239.38456123753,241,50,7,False
2020-09-21,Outdoor,1618797.83,1409938.0195839596,604,105,7,False
2020-09-21,Streetwear,16075134.74,14509434.243107026,1912,434,7,False
2020-09-28,Casual,300579.82,272281.10557847173,76,16,7,False
2020-09-28,GenZ,573460.05,460243.8588832956,252,57,7,False
2020-09-28,Outdoor,1354703.56,1187314.2386959582,507,96,7,False
2020-09-28,Streetwear,15525322.13,13404406.549403066,1865,405,7,False
2020-10-05,Casual,192696.53,155216.64164542352,45,15,7,False
2020-10-05,GenZ,281225.94,217828.89146565992,112,24,7,False
2020-10-05,Outdoor,1162367.39,918780.8705355173,366,76,7,False
2020-10-05,Streetwear,11100961.34,8813269.637355331,1170,257,7,False
2020-10-12,Casual,595169.98,515281.20557407994,117,25,7,False
2020-10-12,GenZ,378996.68,276801.57196224737,180,42,7,False
2020-10-12,Outdoor,1984205.43,1558338.9699386177,620,101,7,False
2020-10-12,Streetwear,13077147.33,10525003.936412247,1267,288,7,False
2020-10-19,Casual,510221.09,431959.09848289896,96,19,7,False
2020-10-19,GenZ,257944.16999999998,191384.8909654103,111,22,7,False
2020-10-19,Outdoor,1540917.81,1189410.83735255,512,98,7,False
2020-10-19,Streetwear,12198792.96,9660023.487697238,1339,304,7,False
2020-10-26,Casual,711090.54,586580.2718990487,146,34,7,False
2020-10-26,GenZ,544965.47,456720.4733587136,208,43,7,False
2020-10-26,Outdoor,3332086.36,2566909.2913241503,1063,182,7,False
2020-10-26,Streetwear,16243659.74,13080344.493072545,1737,389,7,False
2020-11-02,Casual,146462.89,116816.65651687651,32,7,7,False
2020-11-02,GenZ,229157.7,178671.16054475398,108,24,7,False
2020-11-02,Outdoor,1356322.49,1079385.0897139695,458,89,7,False
2020-11-02,Streetwear,7283343.43,5759621.886555223,746,172,7,False
2020-11-09,Casual,595346.5,511001.6359455181,95,17,7,False
2020-11-09,GenZ,201085.95,151827.21815722846,118,24,7,False
2020-11-09,Outdoor,1600788.46,1258889.5347690394,498,93,7,False
2020-11-09,Streetwear,9663891.41,7809843.601944239,949,216,7,False
2020-11-16,Casual,466134.36,443094.9137162744,103,26,7,False
2020-11-16,GenZ,303229.93,264352.1936836942,147,34,7,False
2020-11-16,Outdoor,1794106.58,1552809.59502669,646,118,7,False
2020-11-16,Streetwear,8351206.52,7279501.772689316,988,210,7,False
2020-11-23,Casual,444196.81,462464.06579575036,118,23,7,False
2020-11-23,GenZ,158067.93,152131.5763411717,90,22,7,False
2020-11-23,Outdoor,1993158.8900000001,1894785.0680691404,903,157,7,False
2020-11-23,Streetwear,7777730.58,7989958.675607375,999,208,7,False
2020-11-30,Casual,245137.28,244693.49498401862,58,13,7,False
2020-11-30,GenZ,226035.84,204272.40664141413,114,22,7,False
2020-11-30,Outdoor,1480036.77,1459742.1848491074,710,123,7,False
2020-11-30,Streetwear,3539327.58,3540068.4183271206,490,115,7,False
2020-12-07,Casual,78408.6,84661.53498793383,27,11,7,False
2020-12-07,GenZ,157792.41,156424.84482725937,88,18,7,False
2020-12-07,Outdoor,2009226.6300000001,1973724.7604854966,1068,199,7,False
2020-12-07,Streetwear,4504593.08,4422147.68763224,585,147,7,False
2020-12-14,Casual,336408.12,346359.48956556764,102,22,7,False
2020-12-14,GenZ,170515.82,160562.91525573973,108,26,7,False
2020-12-14,Outdoor,2298713.79,2211182.5023649125,1300,238,7,False
2020-12-14,Streetwear,7301814.06,7175041.916197117,913,203,7,False
2020-12-21,Casual,377132.34,404878.99396183563,101,25,7,False
2020-12-21,GenZ,301876.36,279332.88053064223,197,45,7,False
2020-12-21,Outdoor,2895575.78,2757845.875464618,1823,315,7,False
2020-12-21,Streetwear,7521737.48,7625039.439374279,973,212,7,False
2020-12-28,Casual,505777.82,509695.97404329473,132,27,7,False
2020-12-28,GenZ,352436.4,347751.75959962583,205,45,7,False
2020-12-28,Outdoor,3080032.62,2872231.4387929267,1716,290,7,False
2020-12-28,Streetwear,10275030.59,10259687.358616851,1294,296,7,False
2021-01-04,Casual,463122.12,353642.87994455855,92,18,7,False
2021-01-04,GenZ,97503.6,67800.71918595972,54,13,7,False
2021-01-04,Outdoor,1136668.2,878628.3688827195,372,70,7,False
2021-01-04,Streetwear,5306758.17,4423577.7741140975,528,110,7,False
2021-01-11,Casual,609813.88,512082.7011983841,106,23,7,False
2021-01-11,GenZ,97942.61,67712.94964739523,49,13,7,False
2021-01-11,Outdoor,1069325.52,834072.8342551009,379,66,7,False
2021-01-11,Streetwear,6023173.56,4803898.142631243,584,133,7,False
2021-01-18,Casual,332155.15,250681.98426489328,83,19,7,False
2021-01-18,GenZ,194312.09,154707.52880568794,73,15,7,False
2021-01-18,Outdoor,2440542.83,1872124.0148535387,658,109,7,False
2021-01-18,Streetwear,10066623.8,7929373.919281556,1035,225,7,False
2021-01-25,Casual,444318.21,377651.11454516026,91,27,7,False
2021-01-25,GenZ,173229.98,136585.232083373,71,19,7,False
2021-01-25,Outdoor,2202553.86,1762147.7435351782,605,119,7,False
2021-01-25,Streetwear,13205304.36,10306632.821942965,1281,286,7,False
2021-02-01,Casual,491920.4,375065.30493316584,113,22,7,False
2021-02-01,GenZ,281091.89,208357.0627599047,98,24,7,False
2021-02-01,Outdoor,1150931.9,1017829.4251992361,412,78,7,False
2021-02-01,Streetwear,7831622.59,6122799.225569771,795,174,7,False
2021-02-08,Casual,454226.62,367060.9315433438,111,22,7,False
2021-02-08,GenZ,285120.31,228558.51089192578,85,17,7,False
2021-02-08,Outdoor,1865246.71,1748096.7919945118,619,104,7,False
2021-02-08,Streetwear,10623620.75,8662710.567128474,1136,247,7,False
2021-02-15,Casual,638809.87,538770.6663721318,133,33,7,False
2021-02-15,GenZ,347936.53,248281.30964477008,165,35,7,False
2021-02-15,Outdoor,1561981.62,1450287.8374884746,577,102,7,False
2021-02-15,Streetwear,14335931.14,11293396.579791151,1501,342,7,False
2021-02-22,Casual,921933.4,794452.5984793894,179,41,7,False
2021-02-22,GenZ,349509.46,277170.8426348538,169,38,7,False
2021-02-22,Outdoor,2492026.79,2261279.8020451805,979,169,7,False
2021-02-22,Streetwear,22445728.59,17963520.827889375,2444,531,7,False
2021-03-01,Casual,604576.12,507512.6004168643,138,31,7,False
2021-03-01,GenZ,348225.98,289767.27805173764,156,36,7,False
2021-03-01,Outdoor,1677737.72,1348710.2970341365,510,97,7,False
2021-03-01,Streetwear,8911151.18,7194966.76118042,1095,237,7,False
2021-03-08,Casual,848245.71,709387.213634218,194,41,7,False
2021-03-08,GenZ,660365.63,547148.219663861,252,55,7,False
2021-03-08,Outdoor,3028417.13,2384433.9973598663,968,176,7,False
2021-03-08,Streetwear,17666933.81,14013776.093993088,2061,462,7,False
2021-03-15,Casual,1447334.01,1215972.7749631146,341,69,7,False
2021-03-15,GenZ,742807.4,622590.5194397509,348,78,7,False
2021-03-15,Outdoor,3207608.71,2637856.382319843,1010,180,7,False
2021-03-15,Streetwear,21850907.8,17946151.032416362,2616,589,7,False
2021-03-22,Casual,1174192.51,1107721.465023704,301,69,7,False
2021-03-22,GenZ,692944.6,619332.2429050036,392,88,7,False
2021-03-22,Outdoor,3291350.13,2951180.523211914,1221,221,7,False
2021-03-22,Streetwear,23014891.81,20973097.794797964,3097,691,7,False
2021-03-29,Casual,1620543.74,1511012.3976444849,492,118,7,False
2021-03-29,GenZ,1134607.13,1071312.3833577044,566,131,7,False
2021-03-29,Outdoor,6183909.38,5515106.068537808,2412,413,7,False
2021-03-29,Streetwear,41375675.08,38176663.44250976,5669,1223,7,False
2021-04-05,Casual,806659.0,763525.4704905861,174,36,7,False
2021-04-05,GenZ,462478.93,408735.32280143385,259,51,7,False
2021-04-05,Outdoor,2052525.3,1869538.6471240502,716,127,7,False
2021-04-05,Streetwear,16874306.64,15198547.910773521,2011,437,7,False
2021-04-12,Casual,1094787.32,1048370.9986981845,256,54,7,False
2021-04-12,GenZ,554267.82,482178.02157521603,289,68,7,False
2021-04-12,Outdoor,1980602.86,1705947.0042467655,709,128,7,False
2021-04-12,Streetwear,24282571.41,21340801.753911234,2879,636,7,False
2021-04-19,Casual,1162849.41,977310.2521073543,259,63,7,False
2021-04-19,GenZ,1038490.24,806434.347413968,426,96,7,False
2021-04-19,Outdoor,2238660.79,1731773.6361970797,743,132,7,False
2021-04-19,Streetwear,23954553.01,19226073.127870392,2680,591,7,False
2021-04-26,Casual,2101118.63,1737250.3475917713,451,92,7,False
2021-04-26,GenZ,1044450.1,789255.845144477,451,100,7,False
2021-04-26,Outdoor,3450077.15,2758407.9286915194,1166,191,7,False
2021-04-26,Streetwear,37386786.53,30217815.531928945,4264,942,7,False
2021-05-03,Casual,925913.73,766611.0419444769,198,43,7,False
2021-05-03,GenZ,703465.49,546677.2169346351,311,69,7,False
2021-05-03,Outdoor,1646247.19,1274026.4851243643,502,88,7,False
2021-05-03,Streetwear,17364234.25,14326078.105434535,1981,422,7,False
2021-05-10,Casual,1370943.45,1133096.4296387192,313,69,7,False
2021-05-10,GenZ,721007.5,544457.964460193,354,80,7,False
2021-05-10,Outdoor,1958105.36,1570924.0597480028,697,128,7,False
2021-05-10,Streetwear,26358628.169999998,21473940.592212405,3034,667,7,False
2021-05-17,Casual,1336742.38,1086430.7935779798,284,64,7,False
2021-05-17,GenZ,634363.4400000001,471302.48393872014,296,67,7,False
2021-05-17,Outdoor,2216616.11,1765643.7458961697,761,141,7,False
2021-05-17,Streetwear,27490508.95,22206256.686842937,3054,672,7,False
2021-05-24,Casual,1368880.62,1173741.9594199625,284,59,7,False
2021-05-24,GenZ,823833.83,649100.8872032966,397,89,7,False
2021-05-24,Outdoor,3255500.96,2586240.0171852713,1163,206,7,False
2021-05-24,Streetwear,35042616.98,28639555.902395375,3843,833,7,False
2021-05-31,Casual,1553223.13,1285566.908708706,334,67,7,False
2021-05-31,GenZ,825951.0,661885.6399890647,386,95,7,False
2021-05-31,Outdoor,3671683.2,2935705.3240762935,1153,197,7,False
2021-05-31,Streetwear,31958474.86,25880951.99107477,3467,763,7,False
2021-06-07,Casual,1265280.41,1100050.738093721,238,48,7,False
2021-06-07,GenZ,693529.22,542798.8956471899,322,70,7,False
2021-06-07,Outdoor,1821227.06,1435890.690852672,626,109,7,False
2021-06-07,Streetwear,21842998.73,17786652.087469634,2456,546,7,False
2021-06-14,Casual,937055.48,777634.0275764584,185,37,7,False
2021-06-14,GenZ,834244.01,662747.4130119331,380,92,7,False
2021-06-14,Outdoor,1642220.9,1301329.902989805,588,102,7,False
2021-06-14,Streetwear,26332100.11,21178160.211880885,2860,637,7,False
2021-06-21,Casual,839521.34,748690.7824251143,186,44,7,False
2021-06-21,GenZ,575072.76,507078.50264531316,300,68,7,False
2021-06-21,Outdoor,1215280.73,1043535.9048714314,476,88,7,False
2021-06-21,Streetwear,25180463.46,21940096.877150126,2978,669,7,False
2021-06-28,Casual,1060989.3,1073166.3983237047,277,58,7,False
2021-06-28,GenZ,717088.88,677230.7192310168,422,96,7,False
2021-06-28,Outdoor,1995698.98,1944816.3867305792,771,137,7,False
2021-06-28,Streetwear,24720773.96,24348536.780275878,3387,799,7,False
2021-07-05,Casual,653112.51,618066.0000510524,148,33,7,False
2021-07-05,GenZ,410479.2,387515.9674121653,211,51,7,False
2021-07-05,Outdoor,1177116.88,1180518.99769806,471,82,7,False
2021-07-05,Streetwear,13361616.92,13309961.249617046,1694,379,7,False
2021-07-12,Casual,623280.75,645278.3147062244,144,33,7,False
2021-07-12,GenZ,596917.6,561565.5342941618,346,70,7,False
2021-07-12,Outdoor,1356167.94,1302905.5423858352,529,95,7,False
2021-07-12,Streetwear,17846729.69,17684380.528093502,2225,504,7,False
2021-07-19,Casual,875409.33,812731.0800791108,174,40,7,False
2021-07-19,GenZ,550560.51,439952.9889394023,301,68,7,False
2021-07-19,Outdoor,1062355.22,924174.5457488724,446,81,7,False
2021-07-19,Streetwear,20714531.61,18147083.105559114,2198,483,7,False
2021-07-26,Casual,1166364.08,933991.0265483698,236,54,7,False
2021-07-26,GenZ,854775.91,640764.9703093675,394,81,7,False
2021-07-26,Outdoor,2323471.27,1866634.2800360676,819,154,7,False
2021-07-26,Streetwear,27844058.27,26015284.878726948,3341,724,7,False
2021-08-02,Casual,1133181.62,828322.817220847,198,43,7,False
2021-08-02,GenZ,654072.98,494434.23441341304,280,60,7,False
2021-08-02,Outdoor,1416309.65,1117706.2946643324,525,95,7,False
2021-08-02,Streetwear,10893923.78,16158283.50699516,1981,443,7,False
2021-08-09,Casual,1093509.27,788067.2181232517,160,35,7,False
2021-08-09,GenZ,484459.8,369284.23734822695,224,50,7,False
2021-08-09,Outdoor,1158714.58,886019.1127114588,509,87,7,False
2021-08-09,Streetwear,9997823.51,16607983.641032416,1993,444,7,False
2021-08-16,Casual,899573.8200000001,755698.4403825419,185,40,7,False
2021-08-16,GenZ,794701.51,656174.0959237209,355,79,7,False
2021-08-16,Outdoor,1839189.4,1519026.06501277,576,100,7,False
2021-08-16,Streetwear,11007691.2,18237735.497119706,2171,476,7,False
2021-08-23,Casual,1246406.36,1010036.204757389,248,57,7,False
2021-08-23,GenZ,797247.63,631324.9270525705,396,88,7,False
2021-08-23,Outdoor,1934478.76,1583300.853095323,622,111,7,False
2021-08-23,Streetwear,11339244.46,19157391.718473464,2346,523,7,False
2021-08-30,Casual,1919763.94,1535467.2722111905,361,71,7,False
2021-08-30,GenZ,835655.89,674170.1624219634,401,87,7,False
2021-08-30,Outdoor,1575366.5,1269013.1343699042,543,105,7,False
2021-08-30,Streetwear,15697195.38,20906617.94762922,2513,549,7,False
2021-09-06,Casual,657422.78,613117.0830519156,147,29,7,False
2021-09-06,GenZ,367649.23,322139.32914146496,184,41,7,False
2021-09-06,Outdoor,1713169.02,1502606.5352934247,539,83,7,False
2021-09-06,Streetwear,13138303.11,12186545.657650815,1464,328,7,False
2021-09-13,Casual,466772.52,462913.63007824536,111,31,7,False
2021-09-13,GenZ,484366.21,422179.68988652964,238,50,7,False
2021-09-13,Outdoor,1316181.14,1110958.522194043,505,93,7,False
2021-09-13,Streetwear,13960118.37,12936792.95251245,1627,359,7,False
2021-09-20,Casual,634682.61,591096.3910761995,116,27,7,False
2021-09-20,GenZ,424423.37,376339.9766541391,205,46,7,False
2021-09-20,Outdoor,1597107.46,1397574.0309710507,557,102,7,False
2021-09-20,Streetwear,13494596.86,12280374.162690485,1526,342,7,False
2021-09-27,Casual,902505.51,808444.8757103558,180,39,7,False
2021-09-27,GenZ,470499.02,404371.790232875,212,52,7,False
2021-09-27,Outdoor,1805481.97,1578002.5581784518,678,112,7,False
2021-09-27,Streetwear,17288491.62,15624172.6763489,1953,436,7,False
2021-10-04,Casual,492870.19,367349.68710505764,94,20,7,False
2021-10-04,GenZ,280958.31,227051.65420482765,111,24,7,False
2021-10-04,Outdoor,1312165.51,1039698.45286852,421,70,7,False
2021-10-04,Streetwear,9308476.62,7764934.395360324,995,212,7,False
2021-10-11,Casual,746841.29,579341.216827203,136,31,7,False
2021-10-11,GenZ,334818.13,245044.63451217356,162,31,7,False
2021-10-11,Outdoor,1448115.92,1126398.3052672748,436,84,7,False
2021-10-11,Streetwear,11906334.78,10130909.74136344,1190,255,7,False
2021-10-18,Casual,598338.27,458920.12248817907,111,22,7,False
2021-10-18,GenZ,449557.13,343473.544466686,176,35,7,False
2021-10-18,Outdoor,1643173.44,1289025.150939353,574,110,7,False
2021-10-18,Streetwear,12165427.790000001,10188291.014247244,1185,256,7,False
2021-10-25,Casual,820735.99,687356.8398202218,133,31,7,False
2021-10-25,GenZ,406889.09,318524.6435199476,151,35,7,False
2021-10-25,Outdoor,1627978.85,1303268.2438604394,571,106,7,False
2021-10-25,Streetwear,16178674.34,13556070.751568869,1567,328,7,False
2021-11-01,Casual,716707.15,590625.7680026969,116,25,7,False
2021-11-01,GenZ,341232.04,282356.6209080074,116,24,7,False
2021-11-01,Outdoor,2010380.84,1628630.167876179,632,113,7,False
2021-11-01,Streetwear,9833188.540000001,8206714.726080715,968,222,7,False
2021-11-08,Casual,541135.62,419493.0481708055,92,17,7,False
2021-11-08,GenZ,152992.83,122229.6159076452,59,15,7,False
2021-11-08,Outdoor,1969685.42,1581408.1126409671,588,101,7,False
2021-11-08,Streetwear,9348021.42,7906832.6330428915,942,213,7,False
2021-11-15,Casual,401910.31,316756.16931145365,83,20,7,False
2021-11-15,GenZ,198575.65,149332.50853473652,89,20,7,False
2021-11-15,Outdoor,1011256.47,829242.2679829068,399,72,7,False
2021-11-15,Streetwear,8442182.61,7569734.842786324,837,191,7,False
2021-11-22,Casual,447434.2,430472.32190638303,103,17,7,False
2021-11-22,GenZ,349023.95,321363.99760913773,149,32,7,False
2021-11-22,Outdoor,1617482.43,1608219.6761968445,777,143,7,False
2021-11-22,Streetwear,8438480.67,8761687.015551506,1004,238,7,False
2021-11-29,Casual,666062.61,615135.2760801581,152,24,7,False
2021-11-29,GenZ,267394.67,250066.95970395213,150,32,7,False
2021-11-29,Outdoor,2041123.1,2015473.4680819262,991,162,7,False
2021-11-29,Streetwear,8145191.92,8473592.325694188,945,207,7,False
2021-12-06,Casual,332230.97,307598.1136454447,87,18,7,False
2021-12-06,GenZ,154401.99,148381.61351188994,101,27,7,False
2021-12-06,Outdoor,1452947.63,1445538.5306010004,782,128,7,False
2021-12-06,Streetwear,5304362.16,5519929.904621037,643,140,7,False
2021-12-13,Casual,346587.21,349432.19197911693,91,23,7,False
2021-12-13,GenZ,277798.89,268599.63018899376,140,27,7,False
2021-12-13,Outdoor,2088169.83,2098967.073800607,1297,209,7,False
2021-12-13,Streetwear,7992708.39,8250196.533772429,913,205,7,False
2021-12-20,Casual,438275.07,470774.5692402483,108,26,7,False
2021-12-20,GenZ,334801.19,315760.5584786734,199,46,7,False
2021-12-20,Outdoor,2699579.38,2589894.9227397544,1556,255,7,False
2021-12-20,Streetwear,8852003.76,9157741.099278247,1061,244,7,False
2021-12-27,Casual,632858.56,629837.3667664994,163,38,7,False
2021-12-27,GenZ,286879.53,265604.22918673826,158,34,7,False
2021-12-27,Outdoor,3930490.5,3710742.312042754,2153,342,7,False
2021-12-27,Streetwear,14272968.77,14893678.51389089,1735,373,7,False
2022-01-03,Casual,275811.26,214877.3743520862,53,13,7,False
2022-01-03,GenZ,198710.74,144035.4063803481,78,17,7,False
2022-01-03,Outdoor,1282020.15,1051348.1275771374,380,67,7,False
2022-01-03,Streetwear,6477563.2299999995,5606616.590812396,613,135,7,False
2022-01-10,Casual,631268.16,476520.788760583,122,26,7,False
2022-01-10,GenZ,220245.27,162035.92131714124,107,22,7,False
2022-01-10,Outdoor,1436891.51,1159265.487398893,442,84,7,False
2022-01-10,Streetwear,9945270.77,8496178.557773689,923,201,7,False
2022-01-17,Casual,584293.05,468353.3326269498,114,26,7,False
2022-01-17,GenZ,139339.36,98754.32274241342,74,18,7,False
2022-01-17,Outdoor,1990618.31,1600909.9838962466,626,100,7,False
2022-01-17,Streetwear,9163704.57,7786777.716095638,882,196,7,False
2022-01-24,Casual,1383283.02,1125412.6795743736,246,48,7,False
2022-01-24,GenZ,376169.81,287788.6431476958,176,43,7,False
2022-01-24,Outdoor,2107867.06,1669498.3911426824,618,106,7,False
2022-01-24,Streetwear,14996480.03,12486913.28053583,1432,330,7,False
2022-01-31,Casual,720824.2,594154.4520917813,145,29,7,False
2022-01-31,GenZ,365344.06,315101.6076230509,137,28,7,False
2022-01-31,Outdoor,1874050.7,1519601.1791512617,553,102,7,False
2022-01-31,Streetwear,11823038.38,9803935.61048295,1151,256,7,False
2022-02-07,Casual,542999.62,428165.07661714917,95,25,7,False
2022-02-07,GenZ,341415.05,259074.5076720505,164,33,7,False
2022-02-07,Outdoor,1807481.86,1399068.4480815171,572,101,7,False
2022-02-07,Streetwear,12002166.73,9862323.437356705,1225,270,7,False
2022-02-14,Casual,1019857.46,804313.8104064594,186,32,7,False
2022-02-14,GenZ,271723.74,181343.39174194154,129,31,7,False
2022-02-14,Outdoor,2016161.02,1598421.7098735126,550,100,7,False
2022-02-14,Streetwear,15625332.22,13126167.526272878,1545,344,7,False
2022-02-21,Casual,1456334.53,1194678.0473474034,293,52,7,False
2022-02-21,GenZ,333835.4,254453.8670894409,155,36,7,False
2022-02-21,Outdoor,2464727.6,1934090.3368282472,837,144,7,False
2022-02-21,Streetwear,23590423.62,19695573.642833024,2347,526,7,False
2022-02-28,Casual,1058317.16,880480.3134262067,205,45,7,False
2022-02-28,GenZ,482680.44,374789.1902945167,210,46,7,False
2022-02-28,Outdoor,2085249.46,1675930.0076538997,646,112,7,False
2022-02-28,Streetwear,18838997.0,15723413.945795504,1890,432,7,False
2022-03-07,Casual,970297.92,778745.9633982864,200,40,7,False
2022-03-07,GenZ,622388.48,488115.1554524896,260,56,7,False
2022-03-07,Outdoor,2793322.2,2245596.63242725,827,144,7,False
2022-03-07,Streetwear,21410334.5,17987091.824173894,2257,481,7,False
2022-03-14,Casual,1520561.95,1287016.716854505,312,64,7,False
2022-03-14,GenZ,610802.95,452848.74159456213,288,72,7,False
2022-03-14,Outdoor,2449701.85,2004403.6469308466,776,142,7,False
2022-03-14,Streetwear,27428975.96,23279800.92385627,2893,627,7,False
2022-03-21,Casual,1583319.62,1511821.1814833367,364,74,7,False
2022-03-21,GenZ,610276.35,496264.11866686685,287,72,7,False
2022-03-21,Outdoor,2443310.11,2259758.4590286026,980,185,7,False
2022-03-21,Streetwear,27996509.96,26272732.21906833,3421,759,7,False
2022-03-28,Casual,3033641.1,2839188.544406706,724,158,7,False
2022-03-28,GenZ,1365205.38,1205638.6116531081,690,162,7,False
2022-03-28,Outdoor,5258554.99,4773293.926447343,1956,320,7,False
2022-03-28,Streetwear,44119192.84,42071104.94339171,5733,1257,7,False
2022-04-04,Casual,983627.34,788295.1642890376,215,45,7,False
2022-04-04,GenZ,542587.01,483045.9805486683,255,58,7,False
2022-04-04,Outdoor,1482505.27,1330123.3739281844,600,98,7,False
2022-04-04,Streetwear,16652614.88,15664960.026305176,1933,430,7,False
2022-04-11,Casual,1505325.87,1372344.3650643248,337,67,7,False
2022-04-11,GenZ,1137796.79,948210.8131780741,592,124,7,False
2022-04-11,Outdoor,2189196.84,1989618.40016536,844,150,7,False
2022-04-11,Streetwear,27740224.76,25394179.449440178,3197,719,7,False
2022-04-18,Casual,1589813.82,1301280.7163405928,330,64,7,False
2022-04-18,GenZ,809199.54,605020.9683398578,370,82,7,False
2022-04-18,Outdoor,2948121.26,2351742.9615122615,981,167,7,False
2022-04-18,Streetwear,24901302.97,20794557.461128347,2734,603,7,False
2022-04-25,Casual,2207611.14,1739358.174119684,405,90,7,False
2022-04-25,GenZ,986376.98,734188.0259858455,444,102,7,False
2022-04-25,Outdoor,3395786.08,2706486.475930879,1115,215,7,False
2022-04-25,Streetwear,34777795.62,28866857.65321761,3714,807,7,False
2022-05-02,Casual,1051746.82,847231.1803554047,218,48,7,False
2022-05-02,GenZ,664442.61,493537.4108227244,283,67,7,False
2022-05-02,Outdoor,2460745.66,1978721.6634926081,822,136,7,False
2022-05-02,Streetwear,19588694.48,16006585.68892341,2163,476,7,False
2022-05-09,Casual,1370021.74,1111715.6489605804,258,59,7,False
2022-05-09,GenZ,765000.48,602744.6352039082,300,71,7,False
2022-05-09,Outdoor,1623128.78,1326804.9535860666,616,104,7,False
2022-05-09,Streetwear,24337869.669999998,20032945.91392031,2618,586,7,False
2022-05-16,Casual,1329437.06,1091125.830963666,285,60,7,False
2022-05-16,GenZ,994534.43,727266.3452928251,379,78,7,False
2022-05-16,Outdoor,2238132.77,1839274.7152664394,694,141,7,False
2022-05-16,Streetwear,27099544.32,22173556.76248289,2955,680,7,False
2022-05-23,Casual,1315462.97,1092796.978065982,257,56,7,False
2022-05-23,GenZ,995414.06,718268.0573291951,413,95,7,False
2022-05-23,Outdoor,2316398.38,1861264.2479646283,848,145,7,False
2022-05-23,Streetwear,28524785.12,23622097.72796761,2966,652,7,False
2022-05-30,Casual,1960405.8599999999,1594265.8483016738,390,89,7,False
2022-05-30,GenZ,845253.09,634745.1420825128,392,90,7,False
2022-05-30,Outdoor,2630910.94,2064713.1794640208,898,170,7,False
2022-05-30,Streetwear,40463876.05,33579773.709794685,4402,972,7,False
2022-06-06,Casual,1153555.83,971987.0751970595,189,42,7,False
2022-06-06,GenZ,750756.16,601930.6411954974,295,66,7,False
2022-06-06,Outdoor,1470058.18,1169710.6971306433,576,98,7,False
2022-06-06,Streetwear,22100364.05,18257694.699124206,2358,507,7,False
2022-06-13,Casual,1209025.8,964286.9437804953,217,47,7,False
2022-06-13,GenZ,757409.49,543750.628210157,378,84,7,False
2022-06-13,Outdoor,1837458.04,1451347.7849612418,685,119,7,False
2022-06-13,Streetwear,27901852.14,23420120.797122028,2921,659,7,False
2022-06-20,Casual,928110.03,813275.0963156151,185,49,7,False
2022-06-20,GenZ,901481.96,723973.6419974955,442,88,7,False
2022-06-20,Outdoor,1799894.01,1476137.4922625842,651,107,7,False
2022-06-20,Streetwear,23723582.0,20797630.4360512,2572,582,7,False
2022-06-27,Casual,1767768.29,1763091.4019468378,355,73,7,False
2022-06-27,GenZ,812800.6,696252.4010385614,475,106,7,False
2022-06-27,Outdoor,2593710.95,2536033.5819604243,1144,205,7,False
2022-06-27,Streetwear,30104960.55,30676401.707132224,3856,886,7,False
2022-07-04,Casual,461515.07,491435.98728789913,110,27,7,False
2022-07-04,GenZ,365533.39,350460.06598544604,212,43,7,False
2022-07-04,Outdoor,751704.04,722499.7177755432,328,55,7,False
2022-07-04,Streetwear,11010171.16,11186816.080912419,1333,307,7,False
2022-07-11,Casual,882098.18,884132.3023588394,198,48,7,False
2022-07-11,GenZ,520905.8,470019.9333234892,332,80,7,False
2022-07-11,Outdoor,1411835.46,1376463.2019234004,604,106,7,False
2022-07-11,Streetwear,19877549.27,20280007.516816903,2492,536,7,False
2022-07-18,Casual,916147.2000000001,852561.8859356452,173,41,7,False
2022-07-18,GenZ,673422.12,564096.1824617019,358,74,7,False
2022-07-18,Outdoor,1296799.3800000001,1182307.740427009,476,96,7,False
2022-07-18,Streetwear,21348725.23,19221151.34091758,2258,491,7,False
2022-07-25,Casual,983344.19,808896.9578538955,171,38,7,False
2022-07-25,GenZ,1108361.89,852309.7320221581,489,100,7,False
2022-07-25,Outdoor,2168000.0100000002,1747670.5481628384,703,122,7,False
2022-07-25,Streetwear,21136526.37,17307571.840505674,2291,493,7,False
2022-08-01,Casual,894825.95,703167.449259783,156,35,7,False
2022-08-01,GenZ,846394.77,653854.7423817564,405,88,7,False
2022-08-01,Outdoor,1515396.04,1234138.2933833804,601,103,7,False
2022-08-01,Streetwear,21517633.47,17825557.01393194,2198,495,7,False
2022-08-08,Casual,1402851.35,1060766.6470127248,234,44,7,False
2022-08-08,GenZ,697291.12,509301.8301355333,335,68,7,False
2022-08-08,Outdoor,1595028.89,1319011.9983203274,525,89,7,False
2022-08-08,Streetwear,15619822.92,12926919.284626525,1624,354,7,False
2022-08-15,Casual,716638.7,607699.0549928755,143,32,7,False
2022-08-15,GenZ,677406.41,516495.6193748785,362,78,7,False
2022-08-15,Outdoor,1391986.4,1153314.652544517,471,93,7,False
2022-08-15,Streetwear,18602185.25,15715353.703367861,1916,439,7,False
2022-08-22,Casual,1249307.65,1025176.946945754,232,53,7,False
2022-08-22,GenZ,940753.36,719451.5703203505,435,93,7,False
2022-08-22,Outdoor,2274381.14,1818457.820309492,718,126,7,False
2022-08-22,Streetwear,21470364.89,17917497.458054315,2195,499,7,False
2022-08-29,Casual,1607348.68,1314032.528224343,304,61,7,False
2022-08-29,GenZ,897067.55,663346.4721567447,471,104,7,False
2022-08-29,Outdoor,2145448.38,1751727.3882914013,699,127,7,False
2022-08-29,Streetwear,28926255.65,24488527.276041918,3014,653,7,False
2022-09-05,Casual,708024.11,624738.7391747676,150,30,7,False
2022-09-05,GenZ,567323.61,483525.6931426007,296,70,7,False
2022-09-05,Outdoor,1232886.84,1116754.473297007,382,73,7,False
2022-09-05,Streetwear,14658121.93,13521163.520631913,1614,363,7,False
2022-09-12,Casual,748144.35,668394.1391665153,179,38,7,False
2022-09-12,GenZ,346798.44,293042.1324800801,211,54,7,False
2022-09-12,Outdoor,1823349.32,1576634.1900392324,635,104,7,False
2022-09-12,Streetwear,15021945.47,14077401.659736075,1709,371,7,False
2022-09-19,Casual,984758.98,937598.5569436952,185,42,7,False
2022-09-19,GenZ,327625.75,266326.3274195287,169,41,7,False
2022-09-19,Outdoor,1693568.75,1518983.8480978322,589,108,7,False
2022-09-19,Streetwear,15579699.55,14550777.526541254,1775,387,7,False
2022-09-26,Casual,1194344.46,994651.8901149642,219,53,7,False
2022-09-26,GenZ,542460.62,480614.52156015165,240,52,7,False
2022-09-26,Outdoor,2662059.13,2353669.844552478,809,141,7,False
2022-09-26,Streetwear,18987300.93,17350014.348840646,2064,461,7,False
2022-10-03,Casual,644263.53,538880.102372427,122,27,7,False
2022-10-03,GenZ,287103.02,214639.92148558257,122,27,7,False
2022-10-03,Outdoor,1262892.32,1016127.9615607943,395,74,7,False
2022-10-03,Streetwear,11640277.120000001,9627814.731546298,1136,251,7,False
2022-10-10,Casual,817228.8,658678.6162182656,155,36,7,False
2022-10-10,GenZ,308255.82,256465.07155900414,149,33,7,False
2022-10-10,Outdoor,1488393.29,1174604.4404873184,523,100,7,False
2022-10-10,Streetwear,12232017.25,10218315.581592394,1221,272,7,False
2022-10-17,Casual,582841.88,483774.98783132766,121,28,7,False
2022-10-17,GenZ,339355.77,270880.1909482892,141,34,7,False
2022-10-17,Outdoor,1788715.6099999999,1473235.2544789491,528,96,7,False
2022-10-17,Streetwear,14923658.19,12342524.466036133,1399,302,7,False
2022-10-24,Casual,992505.84,826326.1707773969,207,52,7,False
2022-10-24,GenZ,436281.06,332767.0970904171,205,46,7,False
2022-10-24,Outdoor,2269637.91,1806876.2748214395,729,134,7,False
2022-10-24,Streetwear,17790662.69,14594755.73511487,1747,390,7,False
2022-10-31,Casual,787348.51,659446.2999486513,134,31,7,False
2022-10-31,GenZ,404544.45,304783.8568112653,150,35,7,False
2022-10-31,Outdoor,1498474.48,1230207.4911123211,465,86,7,False
2022-10-31,Streetwear,12656542.14,10515406.684055753,1178,259,7,False
2022-11-07,Casual,409943.14,347526.83231253375,83,21,7,False
2022-11-07,GenZ,323387.08999999997,240636.86673361703,112,26,7,False
2022-11-07,Outdoor,1360860.24,1126563.0494920716,491,82,7,False
2022-11-07,Streetwear,10107566.49,8299432.965365963,994,213,7,False
2022-11-14,Casual,539369.87,434889.9114652065,108,23,7,False
2022-11-14,GenZ,291418.93,223502.92556692465,116,23,7,False
2022-11-14,Outdoor,1845485.43,1519283.3396850894,675,107,7,False
2022-11-14,Streetwear,8928684.82,7746735.025519473,967,203,7,False
2022-11-21,Casual,466169.41000000003,441664.32127011457,119,26,7,False
2022-11-21,GenZ,319407.21,317323.5925413722,165,33,7,False
2022-11-21,Outdoor,1420386.83,1379785.07208125,732,130,7,False
2022-11-21,Streetwear,9489948.33,9941513.882791782,1161,276,7,False
2022-11-28,Casual,428323.32,396318.828626228,105,25,7,False
2022-11-28,GenZ,225611.64,212525.64136326849,116,25,7,False
2022-11-28,Outdoor,1274220.09,1272458.6160247824,720,128,7,False
2022-11-28,Streetwear,7860121.3,8151871.620385774,954,226,7,False
2022-12-05,Casual,419482.81,438763.0200011653,90,20,7,False
2022-12-05,GenZ,244485.22999999998,195779.40897212265,105,24,7,False
2022-12-05,Outdoor,1278231.72,1235877.0984556188,734,138,7,False
2022-12-05,Streetwear,7022867.01,7352770.087440256,872,189,7,False
2022-12-12,Casual,401618.68,430702.50408331206,113,30,7,False
2022-12-12,GenZ,219399.74,200195.22352413015,143,32,7,False
2022-12-12,Outdoor,2519185.31,2445205.908583505,1544,272,7,False
2022-12-12,Streetwear,8637514.05,9077897.069318375,1039,235,7,False
2022-12-19,Casual,555424.28,570795.5251801442,151,33,7,False
2022-12-19,GenZ,226832.57,208563.92637399124,167,36,7,False
2022-12-19,Outdoor,2659680.84,2598864.9079971053,1755,307,7,False
2022-12-19,Streetwear,8451509.79,8562337.730188476,1003,233,7,False
2022-12-26,Casual,998639.02,993757.056899877,221,46,6,True
2022-12-26,GenZ,334143.69,326352.6083331524,172,38,6,True
2022-12-26,Outdoor,3124841.91,3093314.9463754697,1822,305,6,True
2022-12-26,Streetwear,11554138.93,11918399.692900328,1425,310,6,True
