week_start,category,revenue,cogs,units,n_orders,n_days,is_partial_week
2012-07-02,Casual,227220.82,180204.03689404926,40,9,5,True
2012-07-02,GenZ,153203.27,125477.06053953736,109,23,5,True
2012-07-02,Outdoor,925754.45,747150.854622971,462,86,5,True
2012-07-02,Streetwear,13366966.25,10474626.470231295,1606,354,5,True
2012-07-09,Casual,386357.14,321321.3353604314,104,23,7,False
2012-07-09,GenZ,501650.45,400419.8665367436,315,66,7,False
2012-07-09,Outdoor,3438390.11,2725217.796581148,1813,310,7,False
2012-07-09,Streetwear,25937709.96,20252452.822931964,3577,778,7,False
2012-07-16,Casual,730744.36,607222.5266232355,180,38,7,False
2012-07-16,GenZ,663011.99,519386.88443225896,435,96,7,False
2012-07-16,Outdoor,4402944.3,3527212.7171750846,2483,401,7,False
2012-07-16,Streetwear,22645924.27,17769203.076155793,3221,703,7,False
2012-07-23,Casual,559485.87,466620.96586128784,160,35,7,False
2012-07-23,GenZ,530156.65,410306.72846832057,315,67,7,False
2012-07-23,Outdoor,4928061.45,3802340.212822881,2603,443,7,False
2012-07-23,Streetwear,25091426.16,19706138.92420298,3543,807,7,False
2012-07-30,Casual,1083228.49,854389.1890874773,241,49,7,False
2012-07-30,GenZ,714897.9,569362.541291235,452,102,7,False
2012-07-30,Outdoor,6850198.22,5347300.7175536845,3399,596,7,False
2012-07-30,Streetwear,38767683.02,30403729.48433283,5273,1172,7,False
2012-08-06,Casual,246239.36,183238.4445992519,59,12,7,False
2012-08-06,GenZ,381040.12,309719.7756701765,197,45,7,False
2012-08-06,Outdoor,2880207.29,2270208.3198576556,1598,273,7,False
2012-08-06,Streetwear,16587010.459999999,13165284.188950714,2171,480,7,False
2012-08-13,Casual,186528.83000000002,149309.7657895944,50,13,7,False
2012-08-13,GenZ,421201.7,313803.74326965574,275,51,7,False
2012-08-13,Outdoor,4255667.53,3290154.828897072,2207,356,7,False
2012-08-13,Streetwear,21578884.6,17264282.540715434,2812,620,7,False
2012-08-20,Casual,476882.76,396228.6757339424,99,19,7,False
2012-08-20,GenZ,460271.69,344808.3395593267,248,59,7,False
2012-08-20,Outdoor,4849739.48,3777365.409168821,2324,399,7,False
2012-08-20,Streetwear,21523936.81,16968072.82724546,2957,648,7,False
2012-08-27,Casual,739458.84,599889.4949250014,169,44,7,False
2012-08-27,GenZ,741190.37,572067.3070431617,471,105,7,False
2012-08-27,Outdoor,9418107.81,7188735.963624195,4409,757,7,False
2012-08-27,Streetwear,35846379.98,28349292.79547064,4922,1072,7,False
2012-09-03,Casual,249950.69,208856.91860244004,70,13,7,False
2012-09-03,GenZ,315869.1,251642.08063147182,195,42,7,False
2012-09-03,Outdoor,3870944.5,3046773.1183305583,1861,320,7,False
2012-09-03,Streetwear,17449546.63,13773499.167003829,2142,489,7,False
2012-09-10,Casual,438463.64,343077.8674762001,99,21,7,False
2012-09-10,GenZ,277434.48,202532.54150999562,189,39,7,False
2012-09-10,Outdoor,4556557.64,3567084.821498577,2016,342,7,False
2012-09-10,Streetwear,19068221.63,15125271.234849494,2343,509,7,False
2012-09-17,Casual,306097.2,259422.780580846,95,22,7,False
2012-09-17,GenZ,330678.6,265941.0710405634,216,54,7,False
2012-09-17,Outdoor,5506567.87,4364754.499564642,2531,442,7,False
2012-09-17,Streetwear,20340212.64,16393571.82713477,2550,572,7,False
2012-09-24,Casual,612745.88,500572.25063725305,160,40,7,False
2012-09-24,GenZ,443207.96,330728.13192228856,245,61,7,False
2012-09-24,Outdoor,8180691.99,6405147.170856648,3863,667,7,False
2012-09-24,Streetwear,25488580.83,20431485.717612527,3383,769,7,False
2012-10-01,Casual,449486.61,379167.3919721326,88,17,7,False
2012-10-01,GenZ,146122.46,128982.21871961914,79,16,7,False
2012-10-01,Outdoor,3133473.33,2434730.887649159,1371,239,7,False
2012-10-01,Streetwear,16588864.33,13077400.035490938,1949,440,7,False
2012-10-08,Casual,264426.47,241124.10208257905,81,18,7,False
2012-10-08,GenZ,270194.4,221124.36859955944,181,40,7,False
2012-10-08,Outdoor,4111898.21,3232623.063035778,1929,323,7,False
2012-10-08,Streetwear,17222899.35,13937246.883959705,2010,434,7,False
2012-10-15,Casual,384840.69,338626.65471641335,89,21,7,False
2012-10-15,GenZ,202631.16999999998,156051.85730835132,116,31,7,False
2012-10-15,Outdoor,3782767.92,2961886.0556519995,1818,310,7,False
2012-10-15,Streetwear,15752120.27,12687496.298430823,1921,422,7,False
2012-10-22,Casual,205036.34,179963.2751049966,61,12,7,False
2012-10-22,GenZ,341881.44,258840.81819623656,216,45,7,False
2012-10-22,Outdoor,5698024.69,4493583.174024742,2708,461,7,False
2012-10-22,Streetwear,17259527.05,13905133.283550505,2158,465,7,False
2012-10-29,Casual,573297.15,464977.61120992055,143,31,7,False
2012-10-29,GenZ,228575.44,167940.54336250413,161,32,7,False
2012-10-29,Outdoor,5955167.9,4637244.795395301,2880,480,7,False
2012-10-29,Streetwear,20134843.4,15942237.440764656,2347,502,7,False
2012-11-05,Casual,210197.25,184673.37777853414,59,18,7,False
2012-11-05,GenZ,134312.95,90701.98405231269,96,19,7,False
2012-11-05,Outdoor,3955220.3,3162781.9661313975,1741,298,7,False
2012-11-05,Streetwear,13867860.36,11114724.361454325,1533,351,7,False
2012-11-12,Casual,429361.85,304741.0246360349,68,14,7,False
2012-11-12,GenZ,181405.54,120960.21235823118,106,24,7,False
2012-11-12,Outdoor,5264357.33,4107125.2338328045,2657,451,7,False
2012-11-12,Streetwear,15163163.26,12080403.364821112,1742,394,7,False
2012-11-19,Casual,290945.04000000004,246554.2610940152,69,14,7,False
2012-11-19,GenZ,76084.27,55148.40122123706,45,10,7,False
2012-11-19,Outdoor,5212702.85,4053524.075837037,2617,436,7,False
2012-11-19,Streetwear,14706801.47,11623896.897675993,1750,399,7,False
2012-11-26,Casual,373443.49,306795.5588322885,93,23,7,False
2012-11-26,GenZ,243110.91,191928.0723400852,158,33,7,False
2012-11-26,Outdoor,7340352.69,5739330.913295447,4382,724,7,False
2012-11-26,Streetwear,12942507.2,10522861.683277316,1561,357,7,False
2012-12-03,Casual,200502.48,143341.93971553005,43,11,7,False
2012-12-03,GenZ,98913.48,79815.92139849256,53,12,7,False
2012-12-03,Outdoor,4258033.15,3350790.0451646987,2182,359,7,False
2012-12-03,Streetwear,10046722.9,8027097.519469022,1090,249,7,False
2012-12-10,Casual,204934.39,154051.0531164103,40,11,7,False
2012-12-10,GenZ,152015.31,103947.28763173053,94,19,7,False
2012-12-10,Outdoor,7118878.61,5651729.364155228,4460,748,7,False
2012-12-10,Streetwear,13143852.03,10453092.138799252,1550,337,7,False
2012-12-17,Casual,130867.01999999999,115874.21170249056,43,13,7,False
2012-12-17,GenZ,302141.87,258764.00463288082,187,43,7,False
2012-12-17,Outdoor,9783003.97,7745123.048578529,6543,1107,7,False
2012-12-17,Streetwear,13097203.209999999,10520990.417054888,1536,340,7,False
2012-12-24,Casual,600884.57,465282.39557578333,138,32,7,False
2012-12-24,GenZ,376672.02,292891.1142464833,242,48,7,False
2012-12-24,Outdoor,15910804.48,12443665.280272482,10890,1775,7,False
2012-12-24,Streetwear,19222048.29,15385698.7146219,2268,485,7,False
2012-12-31,Casual,407429.58,299223.85800577165,93,22,7,False
2012-12-31,GenZ,118922.58,93553.54112783312,86,19,7,False
2012-12-31,Outdoor,6002407.44,4807789.923496658,3419,560,7,False
2012-12-31,Streetwear,13622275.32,10694278.615467543,1486,314,7,False
2013-01-07,Casual,200991.45,145430.14891082677,39,12,7,False
2013-01-07,GenZ,138101.58,115986.26409984562,90,18,7,False
2013-01-07,Outdoor,2943786.25,2239766.900146938,1305,225,7,False
2013-01-07,Streetwear,13786755.51,10963540.122174714,1591,334,7,False
2013-01-14,Casual,294821.15,242983.33229917305,81,16,7,False
2013-01-14,GenZ,167021.94,125201.21283244542,109,22,7,False
2013-01-14,Outdoor,3728154.77,2985201.0732486914,1714,311,7,False
2013-01-14,Streetwear,10761216.22,8658449.658808287,1275,278,7,False
2013-01-21,Casual,345787.42,291658.27273011743,68,15,7,False
2013-01-21,GenZ,145501.63,113170.26595373751,88,17,7,False
2013-01-21,Outdoor,5892337.64,4691738.704152252,2529,404,7,False
2013-01-21,Streetwear,14363349.35,11568274.007784788,1734,385,7,False
2013-01-28,Casual,405755.54,327624.6539761521,80,21,7,False
2013-01-28,GenZ,118269.31,87153.27579128076,69,13,7,False
2013-01-28,Outdoor,5843099.88,5040871.29457552,2700,473,7,False
2013-01-28,Streetwear,17907712.61,14427204.312984725,2327,519,7,False
2013-02-04,Casual,144150.36,126052.88832004237,43,13,7,False
2013-02-04,GenZ,58340.44,47446.5732168617,42,10,7,False
2013-02-04,Outdoor,3137821.32,3460911.8341273405,1903,331,7,False
2013-02-04,Streetwear,15708473.11,12479479.226869712,1835,401,7,False
2013-02-11,Casual,472553.17,391212.68216866144,106,21,7,False
2013-02-11,GenZ,126545.94,93052.82455101657,87,21,7,False
2013-02-11,Outdoor,3814900.36,4220407.701098574,2422,431,7,False
2013-02-11,Streetwear,16844347.0,13456458.130426042,2001,446,7,False
2013-02-18,Casual,553452.9199999999,402929.0260441535,111,26,7,False
2013-02-18,GenZ,220127.33,156188.80369081785,122,25,7,False
2013-02-18,Outdoor,4674312.77,5141975.45299334,2861,497,7,False
2013-02-18,Streetwear,19678463.01,15516679.675242614,2391,559,7,False
2013-02-25,Casual,823090.81,635174.0237375577,166,43,7,False
2013-02-25,GenZ,187162.76,129951.55712047963,103,29,7,False
2013-02-25,Outdoor,6056114.01,6704291.7034210265,3865,667,7,False
2013-02-25,Streetwear,19561177.85,15405159.027256666,2531,584,7,False
2013-03-04,Casual,258694.11000000002,212612.12517798485,70,15,7,False
2013-03-04,GenZ,164795.97,137293.60700425634,80,16,7,False
2013-03-04,Outdoor,3808476.39,3106359.875362576,1713,283,7,False
2013-03-04,Streetwear,14512598.25,11410176.997736884,1713,390,7,False
2013-03-11,Casual,444368.01,368642.20987021393,123,26,7,False
2013-03-11,GenZ,352686.8,271253.59290042456,192,44,7,False
2013-03-11,Outdoor,5571966.05,4425923.469807158,2573,428,7,False
2013-03-11,Streetwear,21670803.8,17187588.151493184,2827,608,7,False
2013-03-18,Casual,709728.02,670986.4434587214,212,43,7,False
2013-03-18,GenZ,308668.19,284693.81384420715,203,44,7,False
2013-03-18,Outdoor,5908822.56,5728545.593185173,3671,629,7,False
2013-03-18,Streetwear,25446029.36,24595747.949322052,4176,897,7,False
2013-03-25,Casual,927748.63,998154.1566775263,293,64,7,False
2013-03-25,GenZ,598416.28,563377.8333895325,365,84,7,False
2013-03-25,Outdoor,8037007.35,8197838.727352592,5144,855,7,False
2013-03-25,Streetwear,35077728.69,36031488.4386082,6380,1392,7,False
2013-04-01,Casual,748533.2,785136.4639762811,220,49,7,False
2013-04-01,GenZ,470882.9,471503.03600436274,323,67,7,False
2013-04-01,Outdoor,5310611.45,5364201.471123988,3492,630,7,False
2013-04-01,Streetwear,25648003.24,25780561.877052017,4722,1055,7,False
2013-04-08,Casual,432994.18,437736.28590013034,132,30,7,False
2013-04-08,GenZ,367295.43,369203.23571476573,258,59,7,False
2013-04-08,Outdoor,4454879.06,4432926.203221254,2856,470,7,False
2013-04-08,Streetwear,21581254.79,21888681.20658419,3697,802,7,False
2013-04-15,Casual,395231.17,327893.6302478824,96,21,7,False
2013-04-15,GenZ,699110.43,550204.3868012679,380,88,7,False
2013-04-15,Outdoor,6522453.3,5408677.424283712,3321,604,7,False
2013-04-15,Streetwear,32488715.23,26601416.477080617,4465,977,7,False
2013-04-22,Casual,996087.63,852272.6462803915,266,52,7,False
2013-04-22,GenZ,684622.0599999999,501392.95187196124,384,85,7,False
2013-04-22,Outdoor,9258855.38,7252989.866633288,4734,786,7,False
2013-04-22,Streetwear,40109097.35,31736171.67677346,5755,1295,7,False
2013-04-29,Casual,1271203.18,1045402.8647274193,287,59,7,False
2013-04-29,GenZ,1018400.77,757600.7037702365,536,115,7,False
2013-04-29,Outdoor,9967929.6,7989248.373646614,5250,923,7,False
2013-04-29,Streetwear,45401628.23,36304013.026714094,6618,1473,7,False
2013-05-06,Casual,329376.59,290923.15628803143,87,16,7,False
2013-05-06,GenZ,470469.71,371482.3558412012,285,59,7,False
2013-05-06,Outdoor,4826462.92,3863195.702634315,2503,403,7,False
2013-05-06,Streetwear,24124143.97,19004136.935677573,3270,736,7,False
2013-05-13,Casual,670157.72,566386.3809105093,156,34,7,False
2013-05-13,GenZ,518551.14,381305.03561670205,367,83,7,False
2013-05-13,Outdoor,5743594.37,4620331.651379954,3050,518,7,False
2013-05-13,Streetwear,30362901.05,24131090.244644593,4180,912,7,False
2013-05-20,Casual,445051.08,376073.4830069143,115,26,7,False
2013-05-20,GenZ,555946.24,445782.3785690933,309,69,7,False
2013-05-20,Outdoor,6246012.21,4922159.3879324915,3291,544,7,False
2013-05-20,Streetwear,31218674.58,24705408.322687123,4291,948,7,False
2013-05-27,Casual,1127521.45,978915.236236793,304,63,7,False
2013-05-27,GenZ,1300482.25,1001361.0064682073,678,144,7,False
2013-05-27,Outdoor,9789324.26,7610513.811662409,5423,940,7,False
2013-05-27,Streetwear,51066493.27,40603620.87861886,7088,1563,7,False
2013-06-03,Casual,440762.94,381841.1436538179,121,30,7,False
2013-06-03,GenZ,703760.84,565933.4416701413,385,89,7,False
2013-06-03,Outdoor,5281334.37,4144748.851685148,2802,484,7,False
2013-06-03,Streetwear,29249805.48,23428282.43355544,3915,865,7,False
2013-06-10,Casual,488550.93,360285.2096533764,126,26,7,False
2013-06-10,GenZ,801019.02,620585.5343022451,398,90,7,False
2013-06-10,Outdoor,5376899.73,4305470.926876782,2886,479,7,False
2013-06-10,Streetwear,28637591.69,22900194.910623748,3764,831,7,False
2013-06-17,Casual,736048.02,562298.8765614121,155,33,7,False
2013-06-17,GenZ,708821.12,546734.0174379975,362,79,7,False
2013-06-17,Outdoor,4801515.05,3833442.4907804444,2670,471,7,False
2013-06-17,Streetwear,33107813.35,26920986.69617528,4362,966,7,False
2013-06-24,Casual,442213.14,491857.2698130719,170,41,7,False
2013-06-24,GenZ,666962.32,745478.418014497,465,100,7,False
2013-06-24,Outdoor,4920779.06,5578009.573575268,4074,698,7,False
2013-06-24,Streetwear,32965095.53,37309187.13367932,6661,1467,7,False
2013-07-01,Casual,346846.83999999997,374811.96823103866,119,25,7,False
2013-07-01,GenZ,391419.97,459070.8437931064,312,69,7,False
2013-07-01,Outdoor,2745589.57,3260754.894913868,2191,368,7,False
2013-07-01,Streetwear,20386147.73,24183666.394673288,4029,874,7,False
2013-07-08,Casual,212388.89,272070.73821942497,86,19,7,False
2013-07-08,GenZ,457046.5,507162.67775730684,370,81,7,False
2013-07-08,Outdoor,3223531.59,3800858.115870241,2628,450,7,False
2013-07-08,Streetwear,19547327.37,23238597.063906256,3713,816,7,False
2013-07-15,Casual,350691.99,438712.0382297819,126,26,7,False
2013-07-15,GenZ,582464.12,670962.1260258828,504,106,7,False
2013-07-15,Outdoor,3539798.44,4094055.3920766856,3097,502,7,False
2013-07-15,Streetwear,21748603.03,24637486.1971208,4165,911,7,False
2013-07-22,Casual,516375.11,387442.9522376903,115,24,7,False
2013-07-22,GenZ,677054.63,543597.5147564226,347,75,7,False
2013-07-22,Outdoor,4439647.44,3544724.917304926,2619,444,7,False
2013-07-22,Streetwear,31509079.11,25678175.39563692,4234,931,7,False
2013-07-29,Casual,860521.07,686896.8844039983,192,50,7,False
2013-07-29,GenZ,1162113.2,918405.9722404692,607,122,7,False
2013-07-29,Outdoor,7137452.18,5495111.030988762,4178,692,7,False
2013-07-29,Streetwear,40428844.71,47862769.287103035,7903,1739,7,False
2013-08-05,Casual,378891.85,284339.75699004857,82,15,7,False
2013-08-05,GenZ,681981.31,546353.1866083893,349,69,7,False
2013-08-05,Outdoor,3530602.23,2705799.124752269,1810,315,7,False
2013-08-05,Streetwear,10369144.24,16892175.038924243,2739,615,7,False
2013-08-12,Casual,275778.12,231628.3146743373,75,20,7,False
2013-08-12,GenZ,685738.99,549863.0300205138,384,80,7,False
2013-08-12,Outdoor,5340436.2299999995,4178474.6912032403,2901,488,7,False
2013-08-12,Streetwear,11809930.98,19031805.55992654,3200,692,7,False
2013-08-19,Casual,571657.4,410487.9801864161,112,28,7,False
2013-08-19,GenZ,876983.18,699744.9689434279,465,104,7,False
2013-08-19,Outdoor,4824671.95,3720397.5725991023,2475,407,7,False
2013-08-19,Streetwear,12603526.77,20650690.00021445,3388,751,7,False
2013-08-26,Casual,793976.92,672657.2808160611,221,50,7,False
2013-08-26,GenZ,1261568.58,980925.6537179471,699,161,7,False
2013-08-26,Outdoor,8539552.19,6774096.736990565,4512,742,7,False
2013-08-26,Streetwear,20371696.14,31699083.13510616,5490,1198,7,False
2013-09-02,Casual,165416.94999999998,176961.5319173496,51,17,7,False
2013-09-02,GenZ,386466.33999999997,343682.4849346346,234,54,7,False
2013-09-02,Outdoor,3234346.32,3011422.4277767222,1909,337,7,False
2013-09-02,Streetwear,18444226.06,19212897.369450647,3045,652,7,False
2013-09-09,Casual,264659.51,267025.2921775278,70,15,7,False
2013-09-09,GenZ,378022.94,379615.15929673886,232,56,7,False
2013-09-09,Outdoor,2858044.83,2797081.6425560736,1642,295,7,False
2013-09-09,Streetwear,18841070.93,18817573.869146112,2811,627,7,False
2013-09-16,Casual,396904.9,433495.63964041084,105,22,7,False
2013-09-16,GenZ,421914.48,418097.0687464895,266,59,7,False
2013-09-16,Outdoor,3525002.8,3460836.558210929,2041,363,7,False
2013-09-16,Streetwear,18344469.05,18190667.011321325,2848,623,7,False
2013-09-23,Casual,672391.16,659051.7624729483,203,44,7,False
2013-09-23,GenZ,513997.79000000004,504813.4035176039,343,74,7,False
2013-09-23,Outdoor,5986679.82,5783017.146480242,3522,574,7,False
2013-09-23,Streetwear,21578280.59,21357551.459354162,3572,775,7,False
2013-09-30,Casual,441546.77,391432.61263781204,128,26,7,False
2013-09-30,GenZ,313453.77,275309.98969905765,189,42,7,False
2013-09-30,Outdoor,4305932.42,3798990.682760051,2196,387,7,False
2013-09-30,Streetwear,18270560.4,15973920.794940826,2591,569,7,False
2013-10-07,Casual,402211.53,331244.7859631504,83,17,7,False
2013-10-07,GenZ,313153.01,256756.41553344482,156,35,7,False
2013-10-07,Outdoor,3464487.48,2722000.895337801,1572,274,7,False
2013-10-07,Streetwear,15645478.9,12712495.05803281,1951,440,7,False
2013-10-14,Casual,358681.08,287306.01979631087,72,15,7,False
2013-10-14,GenZ,325337.21,248242.90838094504,148,39,7,False
2013-10-14,Outdoor,5163726.87,4092553.3768399656,2551,429,7,False
2013-10-14,Streetwear,16973333.35,13770572.506930992,2110,466,7,False
2013-10-21,Casual,293228.65,216237.24567415824,57,13,7,False
2013-10-21,GenZ,212089.4,166583.90612663564,123,34,7,False
2013-10-21,Outdoor,4316793.48,3338236.4040333456,2087,371,7,False
2013-10-21,Streetwear,18678206.33,14964041.911776125,2335,514,7,False
2013-10-28,Casual,894017.14,719902.0070572505,200,40,7,False
2013-10-28,GenZ,470898.95999999996,365098.8976618132,274,58,7,False
2013-10-28,Outdoor,7372551.67,5836311.192965876,3365,601,7,False
2013-10-28,Streetwear,22413404.57,18047151.146742046,2892,643,7,False
2013-11-04,Casual,230131.15,203195.9695155471,64,14,7,False
2013-11-04,GenZ,140654.47,112836.35389803427,93,21,7,False
2013-11-04,Outdoor,4293125.71,3357049.6179304905,1936,318,7,False
2013-11-04,Streetwear,10740999.9,8541142.653562885,1325,292,7,False
2013-11-11,Casual,354144.97000000003,295242.1441185023,86,19,7,False
2013-11-11,GenZ,242828.92,188416.32627771478,128,28,7,False
2013-11-11,Outdoor,7339097.97,5729490.770910822,3118,512,7,False
2013-11-11,Streetwear,15803640.65,12423642.06119583,1872,398,7,False
2013-11-18,Casual,198361.59,199464.8311732752,65,12,7,False
2013-11-18,GenZ,147541.76,154384.94108597728,100,21,7,False
2013-11-18,Outdoor,3939438.49,4089356.5757061327,2391,427,7,False
2013-11-18,Streetwear,9852780.88,10566080.731133282,1604,365,7,False
2013-11-25,Casual,227134.34,316598.3600376397,91,21,7,False
2013-11-25,GenZ,171477.53,215166.64631114216,144,29,7,False
2013-11-25,Outdoor,5550582.67,6816009.2079134425,4216,700,7,False
2013-11-25,Streetwear,7857842.2,9665607.503348581,1601,353,7,False
2013-12-02,Casual,197008.16,239430.08177100524,63,12,7,False
2013-12-02,GenZ,130699.18,146455.90527099534,103,21,7,False
2013-12-02,Outdoor,2848161.86,3504752.573482096,2618,435,7,False
2013-12-02,Streetwear,7336037.46,9105614.240980826,1384,306,7,False
2013-12-09,Casual,109090.73,136082.5229728036,37,10,7,False
2013-12-09,GenZ,189905.12,245128.24249971207,146,28,7,False
2013-12-09,Outdoor,4757408.4,5859997.477536806,4248,721,7,False
2013-12-09,Streetwear,7213295.08,8933705.540543852,1364,305,7,False
2013-12-16,Casual,154213.24,198215.49622441712,62,16,7,False
2013-12-16,GenZ,160100.02,194973.90300985385,137,36,7,False
2013-12-16,Outdoor,6687787.89,8204714.717485577,6220,1044,7,False
2013-12-16,Streetwear,8494704.2,10512733.038049018,1573,349,7,False
2013-12-23,Casual,350255.08999999997,439416.2588352531,128,28,7,False
2013-12-23,GenZ,247557.05,291172.172107742,268,56,7,False
2013-12-23,Outdoor,8759350.52,10749098.308684638,8480,1400,7,False
2013-12-23,Streetwear,8306315.87,10352212.475195657,1511,340,7,False
2013-12-30,Casual,433727.83,440856.573199842,130,29,7,False
2013-12-30,GenZ,245410.58,253172.2627011681,182,42,7,False
2013-12-30,Outdoor,9718121.87,10714675.03613564,8045,1338,7,False
2013-12-30,Streetwear,11763640.52,12616732.764742222,1854,402,7,False
2014-01-06,Casual,213278.12,185090.11216761437,69,11,7,False
2014-01-06,GenZ,210741.95,169152.16147148242,101,21,7,False
2014-01-06,Outdoor,4081478.27,3305519.134813915,1801,310,7,False
2014-01-06,Streetwear,11618795.63,9474910.879765812,1336,288,7,False
2014-01-13,Casual,183349.37,143435.24672085705,44,10,7,False
2014-01-13,GenZ,191025.26,152031.2962488063,94,24,7,False
2014-01-13,Outdoor,4327479.66,3450989.8563227495,1994,332,7,False
2014-01-13,Streetwear,11530394.98,9239246.85383452,1394,302,7,False
2014-01-20,Casual,207166.32,169636.78830740365,52,13,7,False
2014-01-20,GenZ,177269.6,124775.32236925105,117,22,7,False
2014-01-20,Outdoor,4742115.22,3720187.9375204295,2134,367,7,False
2014-01-20,Streetwear,12540765.31,9835228.745148327,1496,335,7,False
2014-01-27,Casual,397049.13,337167.8303353341,94,17,7,False
2014-01-27,GenZ,344869.95,277448.4477600561,198,42,7,False
2014-01-27,Outdoor,6928619.48,5415398.520097859,3056,525,7,False
2014-01-27,Streetwear,16941304.37,13496236.026046412,2128,481,7,False
2014-02-03,Casual,146275.58,132771.41242610026,39,8,7,False
2014-02-03,GenZ,168261.0,133731.90445185656,94,20,7,False
2014-02-03,Outdoor,4131599.25,3320474.4256040393,1798,304,7,False
2014-02-03,Streetwear,12503272.709999999,9896939.04510063,1491,331,7,False
2014-02-10,Casual,145781.13,115637.66857488165,37,9,7,False
2014-02-10,GenZ,176262.98,134565.47115601588,90,20,7,False
2014-02-10,Outdoor,5265958.15,4075343.342564879,2124,352,7,False
2014-02-10,Streetwear,16433372.67,12873972.043325566,2028,436,7,False
2014-02-17,Casual,267745.06,220140.09725995382,69,15,7,False
2014-02-17,GenZ,265386.66,202309.6955070438,158,37,7,False
2014-02-17,Outdoor,5857630.47,4581925.230283857,2411,426,7,False
2014-02-17,Streetwear,18685538.37,15000171.578778598,2322,515,7,False
2014-02-24,Casual,573411.22,506312.70155568194,144,33,7,False
2014-02-24,GenZ,401054.21,307109.87983566854,192,41,7,False
2014-02-24,Outdoor,7691216.39,6012882.726692378,3397,581,7,False
2014-02-24,Streetwear,28147437.88,22856573.122877985,3788,841,7,False
2014-03-03,Casual,217822.53,188516.6400029954,56,12,7,False
2014-03-03,GenZ,361750.0,295831.7576568766,157,34,7,False
2014-03-03,Outdoor,4290054.17,3448979.6558161657,2032,336,7,False
2014-03-03,Streetwear,22358593.1,18115375.263324074,2711,586,7,False
2014-03-10,Casual,483117.39,424554.15406201134,118,27,7,False
2014-03-10,GenZ,557731.15,452266.48127317237,268,63,7,False
2014-03-10,Outdoor,6667007.55,5208585.635323876,2724,437,7,False
2014-03-10,Streetwear,26819868.89,21362501.773410093,3559,804,7,False
2014-03-17,Casual,420324.9,401602.46921703964,126,31,7,False
2014-03-17,GenZ,452172.39999999997,397015.11526754627,242,56,7,False
2014-03-17,Outdoor,6567558.13,5888320.829515988,3383,583,7,False
2014-03-17,Streetwear,27301877.84,24813143.379938457,4088,906,7,False
2014-03-24,Casual,644511.89,709604.9541174775,207,46,7,False
2014-03-24,GenZ,463078.41000000003,476734.58950724563,333,77,7,False
2014-03-24,Outdoor,8224775.43,8343290.519654022,4850,824,7,False
2014-03-24,Streetwear,34596354.18,36251972.62983807,6043,1323,7,False
2014-03-31,Casual,884249.56,1008701.5490124983,300,69,7,False
2014-03-31,GenZ,629370.27,644108.4170244798,425,100,7,False
2014-03-31,Outdoor,8146945.69,8389049.08270703,4742,841,7,False
2014-03-31,Streetwear,38065314.01,39526371.360845976,6869,1484,7,False
2014-04-07,Casual,516211.77999999997,550214.9796314548,142,32,7,False
2014-04-07,GenZ,353028.23000000004,330560.13699495257,250,58,7,False
2014-04-07,Outdoor,5163441.31,5308515.781504633,3077,532,7,False
2014-04-07,Streetwear,24425212.03,25352447.808788244,4079,908,7,False
2014-04-14,Casual,803025.7,742839.6723159935,225,52,7,False
2014-04-14,GenZ,723936.22,613792.0143056735,405,88,7,False
2014-04-14,Outdoor,7225823.81,6249921.36113314,3634,623,7,False
2014-04-14,Streetwear,32645296.68,28106730.691472612,4704,993,7,False
2014-04-21,Casual,855123.39,692372.2726638655,190,43,7,False
2014-04-21,GenZ,959819.9299999999,764201.5468369841,400,84,7,False
2014-04-21,Outdoor,7296138.4,5713705.248844041,3403,577,7,False
2014-04-21,Streetwear,43130810.15,34573122.66753265,5936,1325,7,False
2014-04-28,Casual,1317409.39,1143702.1396398884,318,74,7,False
2014-04-28,GenZ,1036726.6,795079.1923400773,502,110,7,False
2014-04-28,Outdoor,10516259.42,8376898.9218501495,4994,837,7,False
2014-04-28,Streetwear,56180495.55,44599240.3191097,7660,1670,7,False
2014-05-05,Casual,530194.44,468550.1010473964,135,31,7,False
2014-05-05,GenZ,639219.66,511469.6028199912,330,71,7,False
2014-05-05,Outdoor,4351544.16,3362438.989072179,2079,368,7,False
2014-05-05,Streetwear,28459737.45,22974589.90615303,3836,827,7,False
2014-05-12,Casual,771550.2,656613.8584593089,167,37,7,False
2014-05-12,GenZ,714386.84,555368.7920768142,400,101,7,False
2014-05-12,Outdoor,6142993.77,4829510.409022893,2990,513,7,False
2014-05-12,Streetwear,38012019.59,30535190.891696174,5220,1120,7,False
2014-05-19,Casual,707087.03,602413.0779536696,155,36,7,False
2014-05-19,GenZ,1113818.03,873983.8761128451,605,131,7,False
2014-05-19,Outdoor,6589520.54,5167977.871208429,3248,556,7,False
2014-05-19,Streetwear,38588494.23,30855331.339199435,5485,1192,7,False
2014-05-26,Casual,1856979.43,1589447.4779145736,431,96,7,False
2014-05-26,GenZ,1295258.76,976176.2474724248,737,177,7,False
2014-05-26,Outdoor,11941253.54,9477853.504152708,5989,1031,7,False
2014-05-26,Streetwear,59975622.1,47731315.953975305,8759,1900,7,False
2014-06-02,Casual,953938.51,807887.8467316163,183,40,7,False
2014-06-02,GenZ,570228.33,412045.5646901112,326,74,7,False
2014-06-02,Outdoor,4874522.77,3844557.640025494,2274,383,7,False
2014-06-02,Streetwear,33022025.32,26320598.569150742,4451,950,7,False
2014-06-09,Casual,714686.42,597793.1837408409,165,44,7,False
2014-06-09,GenZ,908732.0700000001,704869.3312411031,444,95,7,False
2014-06-09,Outdoor,5557951.49,4402132.828210963,2795,460,7,False
2014-06-09,Streetwear,33797436.92,27274526.696811095,4535,1001,7,False
2014-06-16,Casual,770538.28,613052.2613053678,137,31,7,False
2014-06-16,GenZ,1114316.15,867930.5274418794,532,110,7,False
2014-06-16,Outdoor,5402319.48,4266378.887348626,2774,482,7,False
2014-06-16,Streetwear,34345587.33,27541880.67018717,4754,1067,7,False
2014-06-23,Casual,590879.03,677972.1611380492,176,40,7,False
2014-06-23,GenZ,773108.78,777261.1696842947,515,111,7,False
2014-06-23,Outdoor,5570633.52,5813968.490525595,3821,602,7,False
2014-06-23,Streetwear,35097311.69,36344028.64125242,6195,1369,7,False
2014-06-30,Casual,494134.56,638565.489003764,175,45,7,False
2014-06-30,GenZ,587787.81,675970.2755322094,456,107,7,False
2014-06-30,Outdoor,4039571.21,4837660.957140203,3035,521,7,False
2014-06-30,Streetwear,24262833.21,28784197.764423084,4982,1105,7,False
2014-07-07,Casual,208577.83000000002,282355.10336844256,84,19,7,False
2014-07-07,GenZ,415053.47,494103.98910771846,312,67,7,False
2014-07-07,Outdoor,2521023.54,2937181.0608032937,1894,323,7,False
2014-07-07,Streetwear,19353200.78,23193610.02973427,3798,840,7,False
2014-07-14,Casual,327153.96,406736.3160869003,92,19,7,False
2014-07-14,GenZ,447856.69,474631.76434463594,395,92,7,False
2014-07-14,Outdoor,3486115.75,3855014.900737706,2685,437,7,False
2014-07-14,Streetwear,21221434.62,23927447.10379337,4079,892,7,False
2014-07-21,Casual,644935.33,552066.4893385066,136,29,7,False
2014-07-21,GenZ,706147.3099999999,564265.8867830004,343,75,7,False
2014-07-21,Outdoor,4583435.86,3625525.106278343,2434,432,7,False
2014-07-21,Streetwear,28571810.69,22652889.74225036,4090,890,7,False
2014-07-28,Casual,1198208.1,976749.4988371535,236,59,7,False
2014-07-28,GenZ,1252637.91,1007176.6880375901,576,136,7,False
2014-07-28,Outdoor,7103731.47,5640226.780897547,4040,693,7,False
2014-07-28,Streetwear,49374123.35,39686367.892194144,6771,1491,7,False
2014-08-04,Casual,618191.06,484111.7528164043,126,28,7,False
2014-08-04,GenZ,583755.12,462975.09659746056,315,64,7,False
2014-08-04,Outdoor,3190079.46,2530315.3121756823,1726,293,7,False
2014-08-04,Streetwear,25176250.06,19896525.460358202,3199,725,7,False
2014-08-11,Casual,279573.21,246062.62801232698,75,18,7,False
2014-08-11,GenZ,594610.54,450665.6730434244,281,62,7,False
2014-08-11,Outdoor,4398195.46,3528530.7173229367,2458,412,7,False
2014-08-11,Streetwear,25851111.84,20469241.14306214,3400,758,7,False
2014-08-18,Casual,575365.85,489810.9421296138,124,26,7,False
2014-08-18,GenZ,680863.36,534172.7129420318,341,73,7,False
2014-08-18,Outdoor,3996192.58,3206009.373020447,2126,361,7,False
2014-08-18,Streetwear,24314869.6,19228633.88202275,3235,720,7,False
2014-08-25,Casual,1154900.59,1010107.1956174747,279,62,7,False
2014-08-25,GenZ,1000723.54,783586.7771539026,555,127,7,False
2014-08-25,Outdoor,11714467.81,9319210.706205444,5819,986,7,False
2014-08-25,Streetwear,48509249.88,38580807.18844231,6580,1439,7,False
2014-09-01,Casual,279234.29,279159.58655986504,81,18,7,False
2014-09-01,GenZ,324739.94,297369.7763165733,194,45,7,False
2014-09-01,Outdoor,2827225.18,2547108.783532512,1429,272,7,False
2014-09-01,Streetwear,18206449.41,16540247.038376728,2611,553,7,False
2014-09-08,Casual,368789.49,356790.4113274116,92,19,7,False
2014-09-08,GenZ,390501.11,368526.5085500002,221,53,7,False
2014-09-08,Outdoor,3446342.22,3392345.249295392,2045,330,7,False
2014-09-08,Streetwear,17233293.83,16652732.24577752,2755,590,7,False
2014-09-15,Casual,426706.71,451859.66344813915,128,25,7,False
2014-09-15,GenZ,284196.62,275875.28964431037,176,44,7,False
2014-09-15,Outdoor,3325733.18,3245512.428359058,2025,346,7,False
2014-09-15,Streetwear,16108946.9,15757822.854787363,2644,588,7,False
2014-09-22,Casual,559227.38,595506.212071814,141,34,7,False
2014-09-22,GenZ,527887.02,489074.33935530926,346,73,7,False
2014-09-22,Outdoor,5819121.86,5723411.663171314,3321,583,7,False
2014-09-22,Streetwear,20045824.48,19645106.120007437,3274,715,7,False
2014-09-29,Casual,459317.2,466975.8799482037,122,22,7,False
2014-09-29,GenZ,442925.54,384207.73232351337,243,60,7,False
2014-09-29,Outdoor,5012400.73,4410221.860758433,2494,447,7,False
2014-09-29,Streetwear,17802043.9,15196595.085577955,2571,576,7,False
2014-10-06,Casual,307384.62,268400.5565643775,80,18,7,False
2014-10-06,GenZ,349886.71,276771.11944966245,179,38,7,False
2014-10-06,Outdoor,5440034.67,4263500.89248664,2129,373,7,False
2014-10-06,Streetwear,16848786.72,13414919.329371352,1953,419,7,False
2014-10-13,Casual,318720.8,260711.22363885483,76,16,7,False
2014-10-13,GenZ,340942.16000000003,253799.68962489185,162,33,7,False
2014-10-13,Outdoor,5540860.35,4223950.043955652,2286,402,7,False
2014-10-13,Streetwear,18330055.89,14606373.800074967,2274,490,7,False
2014-10-20,Casual,548849.88,479782.3005266809,136,27,7,False
2014-10-20,GenZ,215124.09,168731.98970092583,114,23,7,False
2014-10-20,Outdoor,5671269.68,4429088.550227045,2317,424,7,False
2014-10-20,Streetwear,16911086.01,13785277.916214848,2122,476,7,False
2014-10-27,Casual,295506.26,262819.9490717845,80,21,7,False
2014-10-27,GenZ,328891.72000000003,255639.36758157384,188,43,7,False
2014-10-27,Outdoor,9402837.51,7401319.544141156,3685,631,7,False
2014-10-27,Streetwear,23314735.72,18533839.853976104,2979,654,7,False
2014-11-03,Casual,339244.19,305434.8808787291,87,16,7,False
2014-11-03,GenZ,197143.46000000002,161061.5780179957,91,23,7,False
2014-11-03,Outdoor,3966320.83,3070973.3538665944,1691,290,7,False
2014-11-03,Streetwear,11305654.2,8810442.317278504,1383,314,7,False
2014-11-10,Casual,404143.65,329257.0396315804,104,26,7,False
2014-11-10,GenZ,240197.7,177602.69284718856,98,26,7,False
2014-11-10,Outdoor,5608372.45,4465587.709919729,2659,460,7,False
2014-11-10,Streetwear,15818429.16,12691331.281861227,1843,418,7,False
2014-11-17,Casual,214767.36000000002,263026.87747592677,79,16,7,False
2014-11-17,GenZ,140622.94,149168.6792221839,109,21,7,False
2014-11-17,Outdoor,4064871.62,4131140.8413243135,2564,443,7,False
2014-11-17,Streetwear,11076078.57,10632490.197880046,1621,365,7,False
2014-11-24,Casual,330216.31,447429.85064247117,119,23,7,False
2014-11-24,GenZ,238407.69,301085.9509700992,188,39,7,False
2014-11-24,Outdoor,5958704.0,7291538.559392008,4971,834,7,False
2014-11-24,Streetwear,11235695.7,14130713.70149872,2171,457,7,False
2014-12-01,Casual,239618.16999999998,305764.37145360437,71,15,7,False
2014-12-01,GenZ,99830.49,126489.82987783013,82,23,7,False
2014-12-01,Outdoor,3421258.77,4172405.159908158,2538,435,7,False
2014-12-01,Streetwear,7197835.2,8901443.600230739,1311,302,7,False
2014-12-08,Casual,271241.94,360249.4497062269,82,15,7,False
2014-12-08,GenZ,105492.24,119105.13617773887,94,22,7,False
2014-12-08,Outdoor,4473826.7299999995,5329213.332362016,3598,615,7,False
2014-12-08,Streetwear,8971845.41,10986559.77823155,1610,356,7,False
2014-12-15,Casual,305893.2,398405.2423874132,117,26,7,False
2014-12-15,GenZ,145122.67,174591.03801390613,146,34,7,False
2014-12-15,Outdoor,6755280.51,8186481.60969843,6022,1003,7,False
2014-12-15,Streetwear,11004330.290000001,13577102.086152738,2041,457,7,False
2014-12-22,Casual,540080.92,739173.9007189459,167,30,7,False
2014-12-22,GenZ,248122.51,309276.5320108805,184,50,7,False
2014-12-22,Outdoor,8713918.06,10662655.702033095,8117,1365,7,False
2014-12-22,Streetwear,9781101.62,12071887.845026141,1881,429,7,False
2014-12-29,Casual,616286.95,690243.1022458132,188,35,7,False
2014-12-29,GenZ,262889.12,312864.21141792595,190,38,7,False
2014-12-29,Outdoor,9250212.09,10435029.559770102,7314,1211,7,False
2014-12-29,Streetwear,11658977.95,12686835.441844096,1946,458,7,False
2015-01-05,Casual,202337.4,162108.44138414654,54,10,7,False
2015-01-05,GenZ,163820.93,113093.77518740435,86,16,7,False
2015-01-05,Outdoor,3330073.64,2522509.7175113996,1441,243,7,False
2015-01-05,Streetwear,9473464.07,7536252.667415568,1091,249,7,False
2015-01-12,Casual,268371.69,231190.32320676153,54,13,7,False
2015-01-12,GenZ,242360.54,195097.66847124664,113,28,7,False
2015-01-12,Outdoor,4180624.42,3218939.851659391,1539,277,7,False
2015-01-12,Streetwear,11403093.93,9130147.735616546,1336,301,7,False
2015-01-19,Casual,405690.92,323727.91902698245,87,16,7,False
2015-01-19,GenZ,227473.97,172022.57269497926,103,23,7,False
2015-01-19,Outdoor,4906393.03,3805923.3555817697,1918,337,7,False
2015-01-19,Streetwear,14559935.55,11650607.341506366,1790,383,7,False
2015-01-26,Casual,854832.1900000001,744164.854208494,207,39,7,False
2015-01-26,GenZ,251348.91,185702.5336363321,115,26,7,False
2015-01-26,Outdoor,7155615.77,5632280.699606587,2855,479,7,False
2015-01-26,Streetwear,19834219.28,15826774.377078744,2604,544,7,False
2015-02-02,Casual,326538.74,285724.23629340774,76,18,7,False
2015-02-02,GenZ,215651.5,160469.75405622512,98,20,7,False
2015-02-02,Outdoor,2652076.49,2922232.6919531175,1420,254,7,False
2015-02-02,Streetwear,15240065.75,12081175.033635497,1812,412,7,False
2015-02-09,Casual,550107.85,483965.0558260169,124,27,7,False
2015-02-09,GenZ,349011.29,269490.31074944383,157,27,7,False
2015-02-09,Outdoor,4078127.04,4403706.338989116,2410,384,7,False
2015-02-09,Streetwear,19294573.32,15286534.605910245,2375,507,7,False
2015-02-16,Casual,514984.08,436039.8695817235,128,24,7,False
2015-02-16,GenZ,194265.69,138431.02771203918,137,30,7,False
2015-02-16,Outdoor,4517060.67,4873506.847015868,2511,451,7,False
2015-02-16,Streetwear,21864119.77,17588424.807062395,2772,625,7,False
2015-02-23,Casual,781371.17,673802.7425641882,168,38,7,False
2015-02-23,GenZ,448630.19,338986.2948379356,209,44,7,False
2015-02-23,Outdoor,5889482.42,6342991.661942719,3613,620,7,False
2015-02-23,Streetwear,29407062.1,23634616.98220986,3728,834,7,False
2015-03-02,Casual,174068.59000000003,144447.64884377673,42,12,7,False
2015-03-02,GenZ,185765.47,143553.37533138104,101,26,7,False
2015-03-02,Outdoor,2539303.29,2002393.5911803434,1084,185,7,False
2015-03-02,Streetwear,17155684.88,13760415.933194313,2049,435,7,False
2015-03-09,Casual,614037.41,547430.2319842149,153,31,7,False
2015-03-09,GenZ,440675.25,320724.2932472133,192,44,7,False
2015-03-09,Outdoor,6231533.47,4749006.054212953,2501,424,7,False
2015-03-09,Streetwear,22876608.05,18243948.432418875,2954,642,7,False
2015-03-16,Casual,447454.94,435530.40581566,123,29,7,False
2015-03-16,GenZ,438418.41,358816.4808381838,222,53,7,False
2015-03-16,Outdoor,6610343.02,5465296.487872764,3042,513,7,False
2015-03-16,Streetwear,26996641.36,23921704.45628367,3880,874,7,False
2015-03-23,Casual,599029.15,673852.9805504696,194,39,7,False
2015-03-23,GenZ,539022.37,529008.6875397736,333,74,7,False
2015-03-23,Outdoor,6667778.58,6604654.641788743,3723,624,7,False
2015-03-23,Streetwear,25718901.4,26439245.576523297,4364,972,7,False
2015-03-30,Casual,1213293.32,1291936.7589959556,364,79,7,False
2015-03-30,GenZ,945383.72,960310.4467679644,524,115,7,False
2015-03-30,Outdoor,10353296.83,10183022.224260772,5662,983,7,False
2015-03-30,Streetwear,46151794.45,47547267.5541678,8023,1742,7,False
2015-04-06,Casual,452314.18,502391.9157250351,133,35,7,False
2015-04-06,GenZ,460308.89,435047.6179073546,285,61,7,False
2015-04-06,Outdoor,4913557.6,4874466.932385488,2585,455,7,False
2015-04-06,Streetwear,29463316.66,30064248.375992198,4972,1091,7,False
2015-04-13,Casual,924114.34,923606.0792259533,277,66,7,False
2015-04-13,GenZ,823788.77,663005.5047812974,432,90,7,False
2015-04-13,Outdoor,6326291.83,5420807.10687779,3110,513,7,False
2015-04-13,Streetwear,36714479.16,33038846.63677609,5682,1279,7,False
2015-04-20,Casual,1079600.94,901580.0435353756,281,64,7,False
2015-04-20,GenZ,1177678.85,918449.5805384857,560,119,7,False
2015-04-20,Outdoor,6856310.57,5266987.217170448,3130,553,7,False
2015-04-20,Streetwear,47287407.72,37284888.18175624,6630,1504,7,False
2015-04-27,Casual,1691118.91,1461013.8300051058,413,88,7,False
2015-04-27,GenZ,1598235.77,1177868.4411546085,732,154,7,False
2015-04-27,Outdoor,11970767.62,9128556.633583529,5286,890,7,False
2015-04-27,Streetwear,61358177.23,49167296.526634336,8910,1911,7,False
2015-05-04,Casual,510695.51,444865.54121250246,135,28,7,False
2015-05-04,GenZ,514405.29,385283.18864789436,263,53,7,False
2015-05-04,Outdoor,3560488.6,2783786.8777643996,1541,275,7,False
2015-05-04,Streetwear,27906273.05,21848510.749170672,3635,800,7,False
2015-05-11,Casual,746280.97,661633.3689320209,194,43,7,False
2015-05-11,GenZ,822070.4400000001,633287.0363400171,425,96,7,False
2015-05-11,Outdoor,6251716.4,4909614.204179751,2837,468,7,False
2015-05-11,Streetwear,37412344.21,29520240.85375943,5077,1121,7,False
2015-05-18,Casual,971630.93,809010.6004497627,233,49,7,False
2015-05-18,GenZ,927399.35,684669.7811671176,429,102,7,False
2015-05-18,Outdoor,7293778.99,5727513.040873087,3155,562,7,False
2015-05-18,Streetwear,40929526.81,32910286.585724965,5756,1288,7,False
2015-05-25,Casual,1261320.85,1024690.9402903462,295,59,7,False
2015-05-25,GenZ,1142686.42,867453.3921405858,546,117,7,False
2015-05-25,Outdoor,9389880.71,7239501.271492196,4415,761,7,False
2015-05-25,Streetwear,52909088.76,42791400.64399517,7575,1622,7,False
2015-06-01,Casual,1008030.09,845915.8050118805,214,46,7,False
2015-06-01,GenZ,742656.72,590143.9647190461,358,78,7,False
2015-06-01,Outdoor,6936987.7,5365127.090140682,3401,569,7,False
2015-06-01,Streetwear,40616460.71,32156898.767902426,5554,1174,7,False
2015-06-08,Casual,762898.0,658388.3041158222,184,40,7,False
2015-06-08,GenZ,755273.05,567615.2456017833,372,75,7,False
2015-06-08,Outdoor,4536198.21,3455138.7883312167,2155,357,7,False
2015-06-08,Streetwear,33427884.82,26361763.533605278,4341,938,7,False
2015-06-15,Casual,621222.36,535020.2031689872,134,32,7,False
2015-06-15,GenZ,719433.5700000001,553028.1888681684,344,69,7,False
2015-06-15,Outdoor,5550560.93,4339761.31730973,2641,458,7,False
2015-06-15,Streetwear,35001769.21,27591357.515357155,4719,1030,7,False
2015-06-22,Casual,388713.27999999997,433496.5964966176,134,31,7,False
2015-06-22,GenZ,526481.09,446887.27376027737,323,78,7,False
2015-06-22,Outdoor,4406556.89,4160949.221021305,2534,431,7,False
2015-06-22,Streetwear,35744034.09,33978290.04843741,5676,1236,7,False
2015-06-29,Casual,606479.62,744835.1371139545,212,45,7,False
2015-06-29,GenZ,802799.2,922999.1168651774,568,128,7,False
2015-06-29,Outdoor,5554211.14,6238557.37257222,3958,676,7,False
2015-06-29,Streetwear,30561377.91,36121004.364694916,6171,1352,7,False
2015-07-06,Casual,316632.16000000003,405174.9715656576,112,25,7,False
2015-07-06,GenZ,266090.25,304288.4286333059,183,41,7,False
2015-07-06,Outdoor,2189563.09,2479229.65059415,1550,265,7,False
2015-07-06,Streetwear,18816758.48,22181740.238620717,3543,787,7,False
2015-07-13,Casual,365574.44,468323.89459600253,139,27,7,False
2015-07-13,GenZ,633573.05,748175.7465866496,498,100,7,False
2015-07-13,Outdoor,2482840.67,2882964.3401718647,1720,301,7,False
2015-07-13,Streetwear,21544096.669999998,24694913.43381696,4061,914,7,False
2015-07-20,Casual,783428.37,718573.5947099003,185,41,7,False
2015-07-20,GenZ,998780.35,782325.4135715042,460,103,7,False
2015-07-20,Outdoor,3207161.22,2584733.634697986,1802,303,7,False
2015-07-20,Streetwear,30017901.56,25282155.218184114,4121,917,7,False
2015-07-27,Casual,1318180.51,1141128.3487642708,350,72,7,False
2015-07-27,GenZ,1242540.94,912818.0570320965,651,151,7,False
2015-07-27,Outdoor,7011589.09,5506768.477090611,3422,593,7,False
2015-07-27,Streetwear,40014704.42,38726715.008262545,6671,1467,7,False
2015-08-03,Casual,636155.4,555627.9719511922,160,34,7,False
2015-08-03,GenZ,573167.11,448667.90907436743,298,68,7,False
2015-08-03,Outdoor,3248686.85,2533208.2711609774,1502,251,7,False
2015-08-03,Streetwear,12411121.76,20016009.836269397,3254,693,7,False
2015-08-10,Casual,629602.67,520433.2794434426,153,33,7,False
2015-08-10,GenZ,779509.11,584939.5320318394,363,78,7,False
2015-08-10,Outdoor,3715607.6,2837607.0964759183,1605,294,7,False
2015-08-10,Streetwear,12171406.23,20121631.54087329,3252,734,7,False
2015-08-17,Casual,576799.24,497584.57434524054,137,32,7,False
2015-08-17,GenZ,1001754.86,784088.2344916087,440,99,7,False
2015-08-17,Outdoor,4578278.65,3518540.7829773407,2209,373,7,False
2015-08-17,Streetwear,13796501.14,22500020.54702868,3681,798,7,False
2015-08-24,Casual,1369507.97,1194394.6058836945,323,67,7,False
2015-08-24,GenZ,1644530.37,1249617.9794602564,829,181,7,False
2015-08-24,Outdoor,7949124.68,6075707.016304762,4120,729,7,False
2015-08-24,Streetwear,22890924.04,37031325.324677095,6411,1388,7,False
2015-08-31,Casual,797645.73,775898.2921380944,228,51,7,False
2015-08-31,GenZ,1375511.7,1140332.8122119666,726,166,7,False
2015-08-31,Outdoor,4717623.59,3874596.759690207,2324,397,7,False
2015-08-31,Streetwear,20677447.41,25351820.489920862,4333,944,7,False
2015-09-07,Casual,807162.61,885239.1277912953,264,59,7,False
2015-09-07,GenZ,1246403.79,1125139.82282889,698,159,7,False
2015-09-07,Outdoor,3189157.02,3003330.4798385557,1758,315,7,False
2015-09-07,Streetwear,21993249.5,21775579.48656057,3744,827,7,False
2015-09-14,Casual,972755.95,1062416.1344183998,285,64,7,False
2015-09-14,GenZ,1044001.45,959503.6300441602,646,140,7,False
2015-09-14,Outdoor,4213845.47,3945430.4930689964,2283,396,7,False
2015-09-14,Streetwear,21989411.91,21650482.996315166,3679,812,7,False
2015-09-21,Casual,801406.84,814834.1416596117,235,53,7,False
2015-09-21,GenZ,1069934.85,951050.7056266859,628,143,7,False
2015-09-21,Outdoor,5256087.77,4896066.001551179,3022,525,7,False
2015-09-21,Streetwear,25845420.77,25895652.221738957,4397,963,7,False
2015-09-28,Casual,983586.42,1018130.0339254716,262,67,7,False
2015-09-28,GenZ,874862.6699999999,773971.9834311556,483,100,7,False
2015-09-28,Outdoor,6106888.5,5432311.665703571,3006,514,7,False
2015-09-28,Streetwear,23131425.65,21718140.56982644,3539,768,7,False
2015-10-05,Casual,358441.13,318182.16883708,93,21,7,False
2015-10-05,GenZ,431206.74,318730.5805831126,215,48,7,False
2015-10-05,Outdoor,3844818.06,2936651.1944108503,1639,278,7,False
2015-10-05,Streetwear,18298947.95,14866528.821630541,2372,523,7,False
2015-10-12,Casual,447028.92,383695.3872055646,116,26,7,False
2015-10-12,GenZ,639657.57,506834.0585296919,311,70,7,False
2015-10-12,Outdoor,5018787.33,3813510.6675007874,2021,364,7,False
2015-10-12,Streetwear,20308937.55,16390596.862892361,2593,564,7,False
2015-10-19,Casual,704361.26,599129.297335715,145,39,7,False
2015-10-19,GenZ,580931.86,453092.2605888854,255,59,7,False
2015-10-19,Outdoor,5624071.04,4278748.375382705,2347,407,7,False
2015-10-19,Streetwear,21314257.23,17370853.09439385,2623,598,7,False
2015-10-26,Casual,1005770.98,848627.8020990182,251,55,7,False
2015-10-26,GenZ,952262.7,734080.195188824,403,88,7,False
2015-10-26,Outdoor,9280409.25,7037036.698092265,3985,687,7,False
2015-10-26,Streetwear,28659153.25,23595559.774028696,3671,810,7,False
2015-11-02,Casual,369992.56,312327.6161074571,87,20,7,False
2015-11-02,GenZ,363018.17,292463.7425957037,143,35,7,False
2015-11-02,Outdoor,3275698.85,2566058.5744559723,1389,252,7,False
2015-11-02,Streetwear,13738010.1,11434071.458032228,1665,372,7,False
2015-11-09,Casual,452081.51,406848.74006113334,100,25,7,False
2015-11-09,GenZ,225702.15000000002,167204.8366358265,123,28,7,False
2015-11-09,Outdoor,5191318.3,3969164.2675477476,2345,399,7,False
2015-11-09,Streetwear,17241675.32,13988643.804936072,2114,476,7,False
2015-11-16,Casual,236113.21,257904.00250825312,82,19,7,False
2015-11-16,GenZ,232178.00999999998,219271.88911187148,135,27,7,False
2015-11-16,Outdoor,4560888.1,4379443.028516485,2697,458,7,False
2015-11-16,Streetwear,13425706.9,13458562.562873509,1882,418,7,False
2015-11-23,Casual,348081.75,466299.9276615141,149,34,7,False
2015-11-23,GenZ,151515.39,173419.36697953334,129,29,7,False
2015-11-23,Outdoor,6414354.56,7769090.532031437,4955,855,7,False
2015-11-23,Streetwear,11130910.91,14265945.033492234,2250,494,7,False
2015-11-30,Casual,191054.63,273460.85931374354,72,15,7,False
2015-11-30,GenZ,173534.51,204589.00015244397,121,25,7,False
2015-11-30,Outdoor,3417938.71,4155550.408517386,2711,483,7,False
2015-11-30,Streetwear,8149036.35,10463161.524670599,1482,327,7,False
2015-12-07,Casual,247814.88,329750.77451645955,96,20,7,False
2015-12-07,GenZ,140409.39,177546.42271140846,113,28,7,False
2015-12-07,Outdoor,3768771.25,4504934.515369199,3062,512,7,False
2015-12-07,Streetwear,8364090.33,10644180.498612432,1590,345,7,False
2015-12-14,Casual,237413.65,322857.93775262934,88,20,7,False
2015-12-14,GenZ,221425.75,281627.17486626375,178,36,7,False
2015-12-14,Outdoor,6161714.26,7500150.135572422,5694,942,7,False
2015-12-14,Streetwear,8798267.98,11339926.573718827,1571,360,7,False
2015-12-21,Casual,284418.82,375602.0826463104,110,24,7,False
2015-12-21,GenZ,320583.27999999997,395072.057118073,250,56,7,False
2015-12-21,Outdoor,7597626.31,9149569.266763847,6839,1189,7,False
2015-12-21,Streetwear,11209495.59,14133862.634149676,2122,459,7,False
2015-12-28,Casual,717624.3,844907.8684973804,232,52,7,False
2015-12-28,GenZ,489049.96,602462.1026669828,343,77,7,False
2015-12-28,Outdoor,10830303.32,12231200.660784844,8418,1446,7,False
2015-12-28,Streetwear,18048777.44,20500432.284688313,3106,673,7,False
2016-01-04,Casual,216031.87,164019.27901551203,46,11,7,False
2016-01-04,GenZ,177713.66,116792.98539865648,61,12,7,False
2016-01-04,Outdoor,4223439.64,3277863.8984443517,1531,272,7,False
2016-01-04,Streetwear,12821907.97,10377638.224271495,1436,305,7,False
2016-01-11,Casual,386898.41,331211.1680021631,98,24,7,False
2016-01-11,GenZ,207668.91999999998,153928.54937127212,108,25,7,False
2016-01-11,Outdoor,4399165.52,3368479.6376846586,1676,311,7,False
2016-01-11,Streetwear,16338152.57,13702070.409107534,1891,410,7,False
2016-01-18,Casual,502635.64,393793.1153096654,124,30,7,False
2016-01-18,GenZ,343460.21,261025.21913340202,170,38,7,False
2016-01-18,Outdoor,5069905.89,4029145.7981671523,1932,338,7,False
2016-01-18,Streetwear,17820579.1,14804772.160107432,2145,475,7,False
2016-01-25,Casual,834873.25,713526.1584209561,189,41,7,False
2016-01-25,GenZ,342816.15,262517.30699118983,177,43,7,False
2016-01-25,Outdoor,7643262.72,6063759.220424197,2968,500,7,False
2016-01-25,Streetwear,25621734.14,21119906.263226286,3184,698,7,False
2016-02-01,Casual,439500.91000000003,365040.3805853994,107,25,7,False
2016-02-01,GenZ,180707.31,147703.3452634742,86,22,7,False
2016-02-01,Outdoor,4449535.3,3565464.8006390124,1645,299,7,False
2016-02-01,Streetwear,18372687.53,14968903.288029065,2296,493,7,False
2016-02-08,Casual,395121.89,338961.483454606,109,24,7,False
2016-02-08,GenZ,191451.32,156288.62361594426,85,22,7,False
2016-02-08,Outdoor,5897933.49,4659072.433506325,2282,394,7,False
2016-02-08,Streetwear,19143271.41,15643131.604109894,2349,514,7,False
2016-02-15,Casual,506033.45,421470.74975036364,129,29,7,False
2016-02-15,GenZ,420663.98,327293.7437852086,177,42,7,False
2016-02-15,Outdoor,4913714.82,3810221.9762909845,2025,363,7,False
2016-02-15,Streetwear,21695484.2,17675951.3881642,2632,580,7,False
2016-02-22,Casual,623720.74,489057.9954854452,139,34,7,False
2016-02-22,GenZ,617688.52,497989.4641926278,260,52,7,False
2016-02-22,Outdoor,7530525.58,5714471.459078671,2919,488,7,False
2016-02-22,Streetwear,29645024.44,24250586.898283593,3814,826,7,False
2016-02-29,Casual,444844.36,373394.8774373169,92,21,7,False
2016-02-29,GenZ,200291.05,155632.62934224313,89,22,7,False
2016-02-29,Outdoor,2164099.05,1638704.4673155057,898,149,7,False
2016-02-29,Streetwear,13524814.81,11145241.858750213,1652,368,7,False
2016-03-07,Casual,678305.51,561826.3861199176,153,35,7,False
2016-03-07,GenZ,273620.81,187853.79838408093,122,25,7,False
2016-03-07,Outdoor,5814689.26,4604216.824240999,2216,400,7,False
2016-03-07,Streetwear,26853099.16,22061799.28091193,3353,715,7,False
2016-03-14,Casual,896777.43,756965.1618751928,196,44,7,False
2016-03-14,GenZ,440080.91,364086.3143567363,177,34,7,False
2016-03-14,Outdoor,6702267.24,5303970.868255938,2891,480,7,False
2016-03-14,Streetwear,29937108.54,25021670.33181354,3936,878,7,False
2016-03-21,Casual,731689.87,812094.7513151964,219,46,7,False
2016-03-21,GenZ,613252.39,590070.6424480316,300,69,7,False
2016-03-21,Outdoor,5693577.65,5509024.062322507,2977,517,7,False
2016-03-21,Streetwear,27885803.83,28744267.476748813,4559,1012,7,False
2016-03-28,Casual,1617894.2,1740607.8176718887,502,110,7,False
2016-03-28,GenZ,762171.21,767724.2196301183,399,90,7,False
2016-03-28,Outdoor,9734497.7,9794215.76447314,5313,943,7,False
2016-03-28,Streetwear,49523025.88,52053768.41582709,8525,1835,7,False
2016-04-04,Casual,493754.5,531317.698080206,163,36,7,False
2016-04-04,GenZ,337793.39,319029.24654298404,200,45,7,False
2016-04-04,Outdoor,2895035.37,2993255.5929548834,1571,288,7,False
2016-04-04,Streetwear,23455751.53,24784558.55584269,3818,854,7,False
2016-04-11,Casual,1055503.67,1073358.6105312,285,59,7,False
2016-04-11,GenZ,507488.01,474778.50956871844,226,58,7,False
2016-04-11,Outdoor,5288544.86,4917462.060582459,2796,468,7,False
2016-04-11,Streetwear,34514442.91,33586961.644316845,5542,1209,7,False
2016-04-18,Casual,1628182.46,1433621.5590903,384,88,7,False
2016-04-18,GenZ,957886.76,711927.1547538753,461,101,7,False
2016-04-18,Outdoor,7155447.96,5498966.8278177325,3112,544,7,False
2016-04-18,Streetwear,45791024.33,37302094.14428345,6311,1437,7,False
2016-04-25,Casual,2442461.61,2120064.673342341,589,135,7,False
2016-04-25,GenZ,1629284.1300000001,1200775.599678303,759,177,7,False
2016-04-25,Outdoor,10540308.46,8193618.677817621,4535,782,7,False
2016-04-25,Streetwear,73312815.78,59240129.544917755,10531,2295,7,False
2016-05-02,Casual,1304937.31,1113084.8428557916,281,54,7,False
2016-05-02,GenZ,921331.53,713014.8538696443,384,101,7,False
2016-05-02,Outdoor,4495072.64,3546696.340775242,1863,338,7,False
2016-05-02,Streetwear,31717742.64,25176785.733544443,4361,975,7,False
2016-05-09,Casual,1095850.79,900900.603021935,279,57,7,False
2016-05-09,GenZ,1447810.84,1108673.6154713423,575,130,7,False
2016-05-09,Outdoor,5200947.78,3992332.3052627677,2224,386,7,False
2016-05-09,Streetwear,43559031.16,35279260.58906008,6059,1336,7,False
2016-05-16,Casual,1377940.44,1183020.8169204178,348,80,7,False
2016-05-16,GenZ,1345303.77,1038228.045582546,612,128,7,False
2016-05-16,Outdoor,5557256.55,4327666.621532633,2380,442,7,False
2016-05-16,Streetwear,47442797.13,38087115.778148025,6474,1422,7,False
2016-05-23,Casual,1271644.71,1111762.0979611978,297,73,7,False
2016-05-23,GenZ,1332372.58,987865.3382801923,555,120,7,False
2016-05-23,Outdoor,5955434.79,4505234.618530279,2625,450,7,False
2016-05-23,Streetwear,50319872.61,40855706.82880493,6937,1504,7,False
2016-05-30,Casual,1788727.71,1545809.7314810867,456,100,7,False
2016-05-30,GenZ,1896892.65,1423976.1222018516,810,180,7,False
2016-05-30,Outdoor,9218992.94,7146113.695899758,4272,728,7,False
2016-05-30,Streetwear,64761556.28,52233438.81968915,9099,1959,7,False
2016-06-06,Casual,802808.74,714485.7567987129,200,46,7,False
2016-06-06,GenZ,670267.36,505890.4029425318,310,79,7,False
2016-06-06,Outdoor,3798364.87,2869987.212305493,1801,293,7,False
2016-06-06,Streetwear,35129808.03,28730623.528551254,4636,1025,7,False
2016-06-13,Casual,821636.78,705602.1652057939,212,46,7,False
2016-06-13,GenZ,1011654.14,760214.7120409405,466,102,7,False
2016-06-13,Outdoor,4193997.09,3217763.109820829,2061,351,7,False
2016-06-13,Streetwear,45614693.43,36796948.442130715,6077,1316,7,False
2016-06-20,Casual,877449.18,788655.702083437,214,51,7,False
2016-06-20,GenZ,778543.36,637555.4428688405,401,88,7,False
2016-06-20,Outdoor,4607258.06,3827165.334742414,2237,384,7,False
2016-06-20,Streetwear,43337804.16,37043156.9966739,6305,1397,7,False
2016-06-27,Casual,1060858.96,1310762.6082757392,374,81,7,False
2016-06-27,GenZ,1371640.46,1530692.1973943166,966,211,7,False
2016-06-27,Outdoor,6390546.4,7173103.836311672,4040,686,7,False
2016-06-27,Streetwear,40414504.49,49523072.66313092,8388,1864,7,False
2016-07-04,Casual,443289.05,583334.3636365948,149,29,7,False
2016-07-04,GenZ,343422.13,410348.91211969545,193,40,7,False
2016-07-04,Outdoor,1320761.4,1495335.8465910219,867,141,7,False
2016-07-04,Streetwear,15208360.84,18253585.405056033,2972,636,7,False
2016-07-11,Casual,548055.89,697130.0586250183,184,42,7,False
2016-07-11,GenZ,572017.81,640898.6262294508,372,87,7,False
2016-07-11,Outdoor,2358844.93,2691824.3281827075,1655,291,7,False
2016-07-11,Streetwear,20875661.06,24932608.631034665,4184,938,7,False
2016-07-18,Casual,629123.98,642209.6550570347,186,41,7,False
2016-07-18,GenZ,891610.82,838763.3035716946,491,113,7,False
2016-07-18,Outdoor,2955089.5,2707732.556169664,1663,282,7,False
2016-07-18,Streetwear,28143071.15,25926977.06159503,4366,963,7,False
2016-07-25,Casual,774071.5,691659.2797103556,207,47,7,False
2016-07-25,GenZ,1310098.11,1010236.3621920438,596,125,7,False
2016-07-25,Outdoor,5425733.98,4229860.101941122,2397,392,7,False
2016-07-25,Streetwear,47232307.59,37920380.07982915,6370,1379,7,False
2016-08-01,Casual,1256634.91,1112511.8240572903,275,60,7,False
2016-08-01,GenZ,1193149.81,921803.882259878,488,106,7,False
2016-08-01,Outdoor,4117993.98,3169650.3310642904,1816,308,7,False
2016-08-01,Streetwear,42767109.41,33862990.284648284,5481,1194,7,False
2016-08-08,Casual,880730.98,755886.0221823449,203,44,7,False
2016-08-08,GenZ,922471.74,714078.7856625168,370,89,7,False
2016-08-08,Outdoor,3931741.8,2940779.522707955,1567,264,7,False
2016-08-08,Streetwear,28046495.34,22694662.13632091,3686,792,7,False
2016-08-15,Casual,825247.35,730667.7732873556,217,50,7,False
2016-08-15,GenZ,1073637.46,811631.0706521871,506,115,7,False
2016-08-15,Outdoor,4964500.09,3814882.3333783164,2214,386,7,False
2016-08-15,Streetwear,33836111.54,27323388.84742493,4186,910,7,False
2016-08-22,Casual,853637.43,706963.8677948683,205,45,7,False
2016-08-22,GenZ,1403170.47,1047974.847828244,543,114,7,False
2016-08-22,Outdoor,6575201.55,5139147.852156022,2703,468,7,False
2016-08-22,Streetwear,37894227.89,30636104.343138475,4999,1092,7,False
2016-08-29,Casual,1075655.81,920059.3727562408,261,60,7,False
2016-08-29,GenZ,1327335.47,1023617.0771494458,643,141,7,False
2016-08-29,Outdoor,9420296.39,7421395.4470373895,3847,664,7,False
2016-08-29,Streetwear,42855292.8,36177698.95056977,5673,1236,7,False
2016-09-05,Casual,531075.73,579494.3160420906,171,39,7,False
2016-09-05,GenZ,449377.23,443023.7079584827,232,46,7,False
2016-09-05,Outdoor,2982186.95,2841306.1666223328,1374,234,7,False
2016-09-05,Streetwear,16911041.01,16837347.577940308,2547,567,7,False
2016-09-12,Casual,395658.47000000003,432753.2222666675,115,32,7,False
2016-09-12,GenZ,622540.69,583229.731998884,309,62,7,False
2016-09-12,Outdoor,3682394.1,3534457.59576245,1795,321,7,False
2016-09-12,Streetwear,21981354.78,21837387.50453626,3385,731,7,False
2016-09-19,Casual,450394.62,499072.18099212175,130,32,7,False
2016-09-19,GenZ,517879.12,501608.9026142091,306,68,7,False
2016-09-19,Outdoor,3840979.04,3604391.5452247113,1915,329,7,False
2016-09-19,Streetwear,21127961.89,21329694.041767426,3216,708,7,False
2016-09-26,Casual,804200.59,840916.9590128732,239,60,7,False
2016-09-26,GenZ,583096.12,515916.50034881977,323,61,7,False
2016-09-26,Outdoor,5475670.5,5099926.65715218,2822,494,7,False
2016-09-26,Streetwear,26668460.73,25947712.662004557,4061,874,7,False
2016-10-03,Casual,299454.3,246026.60753424047,69,18,7,False
2016-10-03,GenZ,275386.69,236215.84924790598,107,31,7,False
2016-10-03,Outdoor,2732231.91,2127412.6702208486,1045,179,7,False
2016-10-03,Streetwear,17151034.87,13887689.22799187,2063,459,7,False
2016-10-10,Casual,803618.11,679676.7910383604,183,38,7,False
2016-10-10,GenZ,314403.69,236392.27274000266,122,26,7,False
2016-10-10,Outdoor,4468355.27,3390617.353813861,1774,301,7,False
2016-10-10,Streetwear,20786639.13,16385610.358199736,2378,493,7,False
2016-10-17,Casual,464503.94,393200.49730171304,109,27,7,False
2016-10-17,GenZ,226250.92,176607.50003945685,98,24,7,False
2016-10-17,Outdoor,4887498.83,3740075.9405461694,1861,311,7,False
2016-10-17,Streetwear,17499190.0,14247487.938909605,2179,498,7,False
2016-10-24,Casual,751665.91,631198.140338989,177,46,7,False
2016-10-24,GenZ,503418.74,396663.6030101157,196,43,7,False
2016-10-24,Outdoor,7987886.54,6270685.645322354,3028,512,7,False
2016-10-24,Streetwear,25736704.95,20830274.99684191,3223,693,7,False
2016-10-31,Casual,717863.72,625616.3426642786,134,25,7,False
2016-10-31,GenZ,394862.36,317721.16547235486,154,33,7,False
2016-10-31,Outdoor,5629331.9,4341808.832312099,2137,372,7,False
2016-10-31,Streetwear,18508489.39,14740866.165231032,2213,483,7,False
2016-11-07,Casual,572328.26,495287.7535726577,131,27,7,False
2016-11-07,GenZ,462995.87,355676.3483733539,180,39,7,False
2016-11-07,Outdoor,4914240.45,3807614.333269479,2006,329,7,False
2016-11-07,Streetwear,16808318.87,13424549.129196784,1959,436,7,False
2016-11-14,Casual,262984.2,205666.90308110343,60,16,7,False
2016-11-14,GenZ,303017.67,255453.7161355521,148,31,7,False
2016-11-14,Outdoor,5635621.73,4917447.388908742,2464,429,7,False
2016-11-14,Streetwear,14627841.49,12659852.919627002,1945,443,7,False
2016-11-21,Casual,439945.8,581053.0040349198,145,31,7,False
2016-11-21,GenZ,160647.53,194393.92028542692,106,21,7,False
2016-11-21,Outdoor,4377228.26,5335669.55689231,3055,509,7,False
2016-11-21,Streetwear,10904800.78,13334985.016344205,2032,460,7,False
2016-11-28,Casual,291826.02,403303.65410356084,100,25,7,False
2016-11-28,GenZ,218158.59,273116.10316730937,144,36,7,False
2016-11-28,Outdoor,4331997.78,5298408.927545551,3134,527,7,False
2016-11-28,Streetwear,10285774.53,12891745.806299902,1942,416,7,False
2016-12-05,Casual,447640.69,605712.8615035884,133,27,7,False
2016-12-05,GenZ,162142.95,206222.40937046695,107,26,7,False
2016-12-05,Outdoor,4248802.62,5113630.045719464,2978,476,7,False
2016-12-05,Streetwear,7743746.99,9751428.141181039,1451,323,7,False
2016-12-12,Casual,276858.72,378077.25268938544,105,23,7,False
2016-12-12,GenZ,206702.72,248116.33451905302,155,33,7,False
2016-12-12,Outdoor,4875349.11,5866354.149876627,3920,665,7,False
2016-12-12,Streetwear,10471670.4,13436741.805071454,1882,414,7,False
2016-12-19,Casual,386838.6,536791.9461349933,115,26,7,False
2016-12-19,GenZ,299887.07,366926.51357436914,205,48,7,False
2016-12-19,Outdoor,5758444.6,6750604.729846572,4936,823,7,False
2016-12-19,Streetwear,10885096.51,13602780.316987583,1902,427,7,False
2016-12-26,Casual,440188.63,615256.9207796068,192,47,7,False
2016-12-26,GenZ,587046.35,705981.2619385144,437,94,7,False
2016-12-26,Outdoor,10259405.47,12212256.93844306,8246,1407,7,False
2016-12-26,Streetwear,18466821.94,22469915.95667565,3394,750,7,False
2017-01-02,Casual,451762.87,383081.7511892492,65,11,7,False
2017-01-02,GenZ,135238.63,103758.53270716127,40,9,7,False
2017-01-02,Outdoor,2576758.83,2089890.6598214407,974,169,7,False
2017-01-02,Streetwear,9401672.58,7462064.679961878,1102,256,7,False
2017-01-09,Casual,456486.95,375847.8596298173,101,22,7,False
2017-01-09,GenZ,247824.77000000002,201473.68134065167,88,17,7,False
2017-01-09,Outdoor,4820473.13,3795157.8504482275,1586,284,7,False
2017-01-09,Streetwear,11967932.06,9775837.01369522,1432,317,7,False
2017-01-16,Casual,665518.5399999999,596923.8156287881,125,22,7,False
2017-01-16,GenZ,120053.65,89371.25958511228,69,13,7,False
2017-01-16,Outdoor,4361627.4799999995,3455126.2625735397,1486,259,7,False
2017-01-16,Streetwear,12997479.62,10458675.481955258,1534,341,7,False
2017-01-23,Casual,816203.11,726000.390289283,178,33,7,False
2017-01-23,GenZ,325071.48,257996.82498042195,112,24,7,False
2017-01-23,Outdoor,4924287.13,3838485.3340983894,1988,347,7,False
2017-01-23,Streetwear,18944760.95,15346067.66053561,2271,474,7,False
2017-01-30,Casual,607863.52,514782.4655481304,131,28,7,False
2017-01-30,GenZ,310134.33999999997,245431.248096158,119,26,7,False
2017-01-30,Outdoor,4604345.95,3931946.0420166967,1734,296,7,False
2017-01-30,Streetwear,17464989.88,14271342.674279943,2076,451,7,False
2017-02-06,Casual,399809.94,341069.8769050738,103,26,7,False
2017-02-06,GenZ,198032.31,163373.46314306784,82,20,7,False
2017-02-06,Outdoor,3098692.04,3316256.9534383886,1478,266,7,False
2017-02-06,Streetwear,12559648.62,9949287.25153488,1545,351,7,False
2017-02-13,Casual,744425.6,631259.7235783522,121,28,7,False
2017-02-13,GenZ,219416.88,171107.85396637119,122,25,7,False
2017-02-13,Outdoor,3630183.16,3949418.260299392,1758,306,7,False
2017-02-13,Streetwear,17229256.41,13858405.284514029,2008,444,7,False
2017-02-20,Casual,742348.11,642599.867949732,172,44,7,False
2017-02-20,GenZ,420316.25,330634.35515435255,178,38,7,False
2017-02-20,Outdoor,5017206.57,5455636.255899956,2625,423,7,False
2017-02-20,Streetwear,28840617.09,23106961.252841983,3535,774,7,False
2017-02-27,Casual,483424.3,429333.8609155967,101,25,7,False
2017-02-27,GenZ,410837.07,337219.98798010446,142,27,7,False
2017-02-27,Outdoor,3233513.08,3216357.916902878,1472,271,7,False
2017-02-27,Streetwear,16699879.67,13343775.743717415,2166,469,7,False
2017-03-06,Casual,451798.37,373198.05881171196,98,20,7,False
2017-03-06,GenZ,203572.15,166620.42609910533,81,20,7,False
2017-03-06,Outdoor,4464336.17,3532643.8887681924,1520,284,7,False
2017-03-06,Streetwear,22802177.4,18412713.668142855,2813,614,7,False
2017-03-13,Casual,692468.62,601044.5483484087,177,41,7,False
2017-03-13,GenZ,451502.69,322060.37252715765,207,43,7,False
2017-03-13,Outdoor,6262632.66,4905218.156951702,2313,377,7,False
2017-03-13,Streetwear,32507328.29,26942532.32537459,4223,918,7,False
2017-03-20,Casual,810441.39,925163.4762228752,231,53,7,False
2017-03-20,GenZ,505355.81,486652.14482384105,244,54,7,False
2017-03-20,Outdoor,5014172.04,5034800.837188491,2567,436,7,False
2017-03-20,Streetwear,31000544.28,31425611.08805293,5106,1107,7,False
2017-03-27,Casual,1458056.83,1655375.3252695005,445,105,7,False
2017-03-27,GenZ,1017096.48,1015588.5637493628,561,126,7,False
2017-03-27,Outdoor,10035883.59,10171113.396678887,4736,841,7,False
2017-03-27,Streetwear,57932113.05,60526372.08717478,10082,2183,7,False
2017-04-03,Casual,671888.18,766775.5762748918,195,41,7,False
2017-04-03,GenZ,334006.16,338131.88780954614,210,50,7,False
2017-04-03,Outdoor,4032626.46,4071280.4439580473,2016,335,7,False
2017-04-03,Streetwear,24387227.23,24943431.666517805,4028,884,7,False
2017-04-10,Casual,820757.69,880342.4837993042,276,55,7,False
2017-04-10,GenZ,352993.79,340348.6737491428,181,42,7,False
2017-04-10,Outdoor,4933647.63,4783638.2084908625,2437,405,7,False
2017-04-10,Streetwear,25946931.17,25900327.625032313,4325,960,7,False
2017-04-17,Casual,916240.5800000001,791959.2818171115,216,52,7,False
2017-04-17,GenZ,708078.04,542644.6843560198,315,68,7,False
2017-04-17,Outdoor,5505080.12,4218253.085143651,2180,352,7,False
2017-04-17,Streetwear,37232863.13,30019090.859096933,4719,1030,7,False
2017-04-24,Casual,1635544.71,1438215.865043452,410,91,7,False
2017-04-24,GenZ,1578840.42,1254446.246932459,648,147,7,False
2017-04-24,Outdoor,10168142.83,7908723.907483794,4020,667,7,False
2017-04-24,Streetwear,53745395.6,43485072.87632324,7337,1647,7,False
2017-05-01,Casual,1242170.94,1112681.6676670054,317,65,7,False
2017-05-01,GenZ,860426.75,695110.949891905,371,83,7,False
2017-05-01,Outdoor,5607975.32,4377773.950163049,2271,378,7,False
2017-05-01,Streetwear,38984927.12,31151099.44538253,5405,1187,7,False
2017-05-08,Casual,1163118.84,1015986.5813382622,258,64,7,False
2017-05-08,GenZ,1043375.28,821767.5550436499,493,106,7,False
2017-05-08,Outdoor,5957024.21,4700700.164492476,2302,385,7,False
2017-05-08,Streetwear,38879796.71,31364618.760624167,5296,1145,7,False
2017-05-15,Casual,1323100.89,1160165.3997015944,330,79,7,False
2017-05-15,GenZ,1036029.5,818772.4246297978,467,103,7,False
2017-05-15,Outdoor,5775216.35,4410745.6498956615,2230,399,7,False
2017-05-15,Streetwear,42690511.19,34264781.078523844,5651,1257,7,False
2017-05-22,Casual,1685738.38,1427766.6134505265,380,83,7,False
2017-05-22,GenZ,1292644.79,1002882.9349624823,579,129,7,False
2017-05-22,Outdoor,5736958.15,4558140.029372184,2412,419,7,False
2017-05-22,Streetwear,49099355.1,39494733.05541751,6648,1477,7,False
2017-05-29,Casual,2213992.88,1980015.9129664549,560,122,7,False
2017-05-29,GenZ,2131234.47,1675096.9469682488,1000,213,7,False
2017-05-29,Outdoor,9353954.14,7359067.663404525,3812,688,7,False
2017-05-29,Streetwear,73525214.71,59095135.3150978,10394,2263,7,False
2017-06-05,Casual,1210023.32,1107527.468765369,292,62,7,False
2017-06-05,GenZ,872362.3099999999,676147.9191732,435,97,7,False
2017-06-05,Outdoor,4132837.82,3244282.816062161,1680,285,7,False
2017-06-05,Streetwear,35274342.69,28078332.52986004,4609,1015,7,False
2017-06-12,Casual,1393855.1199999999,1194620.8234069028,306,65,7,False
2017-06-12,GenZ,1227832.73,945622.3621146248,533,120,7,False
2017-06-12,Outdoor,5034602.49,3938342.253681518,2068,349,7,False
2017-06-12,Streetwear,43682928.19,35481713.494283445,5788,1273,7,False
2017-06-19,Casual,997202.9299999999,931087.1989297164,267,55,7,False
2017-06-19,GenZ,1442216.52,1152703.5094455518,649,142,7,False
2017-06-19,Outdoor,6272465.54,5266923.29809091,2368,399,7,False
2017-06-19,Streetwear,41335121.1,35054727.82857009,5647,1278,7,False
2017-06-26,Casual,1774515.97,2302273.6355240275,648,152,7,False
2017-06-26,GenZ,1269715.8,1457663.0345927428,807,187,7,False
2017-06-26,Outdoor,5292668.78,6016580.670756013,3459,577,7,False
2017-06-26,Streetwear,44781326.53,53256451.72856711,8949,1990,7,False
2017-07-03,Casual,497082.3,632831.5276769922,167,39,7,False
2017-07-03,GenZ,471038.1,561496.6317099255,273,62,7,False
2017-07-03,Outdoor,1681823.29,1961396.8880578189,982,170,7,False
2017-07-03,Streetwear,16599299.9,19751284.72929955,3130,667,7,False
2017-07-10,Casual,539440.71,692936.3777770743,168,34,7,False
2017-07-10,GenZ,550140.35,618946.9800906316,363,83,7,False
2017-07-10,Outdoor,2207402.1,2580811.564483164,1348,223,7,False
2017-07-10,Streetwear,23063419.67,27642647.216920685,4351,980,7,False
2017-07-17,Casual,769820.05,866708.555852947,262,60,7,False
2017-07-17,GenZ,800666.78,731592.4820616053,401,91,7,False
2017-07-17,Outdoor,2895435.34,2876246.6646594307,1651,262,7,False
2017-07-17,Streetwear,30693041.74,30756985.446165208,4924,1094,7,False
2017-07-24,Casual,1183420.13,1053141.693021647,289,56,7,False
2017-07-24,GenZ,936218.61,715427.6309109005,432,83,7,False
2017-07-24,Outdoor,4858965.04,3839622.2915349635,1914,330,7,False
2017-07-24,Streetwear,44023197.87,36399967.147070944,5680,1234,7,False
2017-07-31,Casual,1298447.21,1125169.6760597485,314,71,7,False
2017-07-31,GenZ,1564351.0,1219090.9883847751,601,128,7,False
2017-07-31,Outdoor,5385753.25,4258253.242486448,2302,415,7,False
2017-07-31,Streetwear,26548505.38,39529399.38019039,6300,1369,7,False
2017-08-07,Casual,613510.03,567931.9199986926,167,36,7,False
2017-08-07,GenZ,621425.4400000001,461170.98139029637,316,68,7,False
2017-08-07,Outdoor,3991563.29,3023659.207344825,1616,266,7,False
2017-08-07,Streetwear,11229439.84,18418800.73203002,2884,654,7,False
2017-08-14,Casual,803331.03,700034.1465920516,184,41,7,False
2017-08-14,GenZ,677099.11,509005.2772378591,314,76,7,False
2017-08-14,Outdoor,3709729.24,2916168.036451806,1506,273,7,False
2017-08-14,Streetwear,14087662.87,23000560.47911022,3587,790,7,False
2017-08-21,Casual,763403.31,669641.031019594,183,45,7,False
2017-08-21,GenZ,676393.98,500616.65287220315,282,71,7,False
2017-08-21,Outdoor,4775954.13,3809313.2509337394,1885,330,7,False
2017-08-21,Streetwear,14197970.16,22974945.50999838,3739,803,7,False
2017-08-28,Casual,1375303.1,1198229.6068472767,336,81,7,False
2017-08-28,GenZ,1307352.21,1013267.5143086325,628,145,7,False
2017-08-28,Outdoor,8264725.38,6650690.210139797,3301,583,7,False
2017-08-28,Streetwear,24585373.02,37308917.768913954,6159,1355,7,False
2017-09-04,Casual,276179.02,290088.84080064594,83,19,7,False
2017-09-04,GenZ,467538.25,430897.2771990419,229,52,7,False
2017-09-04,Outdoor,2342052.72,2289573.176855776,1022,179,7,False
2017-09-04,Streetwear,15914880.5,15724528.922761476,2334,504,7,False
2017-09-11,Casual,373382.6,406231.47939975874,118,25,7,False
2017-09-11,GenZ,535119.99,507545.15756758343,253,61,7,False
2017-09-11,Outdoor,3414526.75,3307887.1182027464,1653,281,7,False
2017-09-11,Streetwear,19448155.51,19225563.539621737,2881,632,7,False
2017-09-18,Casual,625273.05,659271.5431546622,172,37,7,False
2017-09-18,GenZ,408039.46,396334.0963804132,247,57,7,False
2017-09-18,Outdoor,4286056.77,4128122.098823142,1896,322,7,False
2017-09-18,Streetwear,19634032.81,19281278.47551334,3030,661,7,False
2017-09-25,Casual,717584.34,713962.6596726849,179,43,7,False
2017-09-25,GenZ,799459.04,731075.4805389609,426,94,7,False
2017-09-25,Outdoor,5875324.99,5536943.088864728,2649,437,7,False
2017-09-25,Streetwear,26331588.64,26043284.808539204,4309,943,7,False
2017-10-02,Casual,651779.97,510180.30182425096,134,27,7,False
2017-10-02,GenZ,590969.09,474172.8714159585,238,52,7,False
2017-10-02,Outdoor,2909858.04,2333438.0730358227,1077,186,7,False
2017-10-02,Streetwear,16782842.19,13448822.857277656,1991,455,7,False
2017-10-09,Casual,1037416.8099999999,858364.252702149,207,38,7,False
2017-10-09,GenZ,481890.79,373488.96213643596,196,44,7,False
2017-10-09,Outdoor,4424342.2,3421112.0651026275,1581,269,7,False
2017-10-09,Streetwear,19256485.67,15288698.585353205,2331,531,7,False
2017-10-16,Casual,809554.8,685870.9468113529,175,37,7,False
2017-10-16,GenZ,586027.98,436327.7514655484,256,61,7,False
2017-10-16,Outdoor,3892279.99,3060507.0047158995,1410,248,7,False
2017-10-16,Streetwear,21316659.16,16698729.822880935,2548,550,7,False
2017-10-23,Casual,1305578.46,1150085.1989911627,293,66,7,False
2017-10-23,GenZ,764801.34,600195.9831969719,301,69,7,False
2017-10-23,Outdoor,5238271.47,4047542.2317575095,2023,365,7,False
2017-10-23,Streetwear,23441181.9,18732582.701407295,2895,619,7,False
2017-10-30,Casual,908276.64,799146.5735578261,189,39,7,False
2017-10-30,GenZ,656471.27,528658.5661284694,231,51,7,False
2017-10-30,Outdoor,5857863.82,4534244.005009798,2115,361,7,False
2017-10-30,Streetwear,22164444.44,17878383.433764074,2685,620,7,False
2017-11-06,Casual,1172171.49,971462.3958261779,242,38,7,False
2017-11-06,GenZ,279277.02,229694.8962483833,129,31,7,False
2017-11-06,Outdoor,4595515.85,3625885.5607175133,1575,263,7,False
2017-11-06,Streetwear,15553976.55,12448987.936023306,1835,401,7,False
2017-11-13,Casual,1153754.61,996768.4489607594,234,45,7,False
2017-11-13,GenZ,192505.25,154340.20091704483,91,23,7,False
2017-11-13,Outdoor,5042374.99,4008458.543948976,2060,366,7,False
2017-11-13,Streetwear,14567464.26,12349165.695393931,1852,408,7,False
2017-11-20,Casual,326916.85000000003,442406.2873356034,110,21,7,False
2017-11-20,GenZ,153686.34,186123.19800468022,101,23,7,False
2017-11-20,Outdoor,2936387.62,3436221.1278708605,1810,305,7,False
2017-11-20,Streetwear,8789399.63,10370501.11898896,1533,356,7,False
2017-11-27,Casual,569851.92,748271.1593476795,185,36,7,False
2017-11-27,GenZ,256367.83,323277.47666783497,172,39,7,False
2017-11-27,Outdoor,4722819.39,5610427.494820696,3092,532,7,False
2017-11-27,Streetwear,13142965.459999999,16336202.891714208,2505,527,7,False
2017-12-04,Casual,300352.76,387612.7612814904,107,26,7,False
2017-12-04,GenZ,169393.6,189122.91117172776,121,28,7,False
2017-12-04,Outdoor,2302712.75,2817791.7274692366,1509,275,7,False
2017-12-04,Streetwear,5934379.51,7393462.063529972,1083,254,7,False
2017-12-11,Casual,366179.28,465868.73090984963,116,26,7,False
2017-12-11,GenZ,240393.72,272448.7729115777,143,32,7,False
2017-12-11,Outdoor,4317160.15,5293213.948644835,3123,511,7,False
2017-12-11,Streetwear,7615888.03,9516758.602643536,1442,310,7,False
2017-12-18,Casual,385761.74,477898.88404674246,130,27,7,False
2017-12-18,GenZ,290471.77999999997,335950.53378278157,211,45,7,False
2017-12-18,Outdoor,4130650.45,4968643.96800585,3465,581,7,False
2017-12-18,Streetwear,8124681.54,10191467.498398744,1516,348,7,False
2017-12-25,Casual,766241.59,1004348.2834153128,230,50,7,False
2017-12-25,GenZ,332054.38,391107.11238438386,237,63,7,False
2017-12-25,Outdoor,7903216.74,9513058.740722898,6315,1041,7,False
2017-12-25,Streetwear,12560470.73,15625391.155463146,2343,531,7,False
2018-01-01,Casual,699505.31,661974.6880854807,170,35,7,False
2018-01-01,GenZ,213161.63,198010.55961991582,102,22,7,False
2018-01-01,Outdoor,2826659.93,2719689.2201856007,1554,265,7,False
2018-01-01,Streetwear,9027729.48,8428462.887976589,1277,281,7,False
2018-01-08,Casual,613475.07,458883.5829696894,140,23,7,False
2018-01-08,GenZ,218905.68,166266.60642478173,95,20,7,False
2018-01-08,Outdoor,3114555.58,2554142.8981064158,1122,195,7,False
2018-01-08,Streetwear,12300255.05,9988402.285059351,1424,301,7,False
2018-01-15,Casual,590180.09,506822.4357816827,148,24,7,False
2018-01-15,GenZ,235394.92,182492.34423829406,122,26,7,False
2018-01-15,Outdoor,3475187.42,2729644.948128235,1124,203,7,False
2018-01-15,Streetwear,12852220.4,10494598.908508547,1556,341,7,False
2018-01-22,Casual,578992.21,466739.25418511435,159,33,7,False
2018-01-22,GenZ,219787.89,173168.99611659278,109,23,7,False
2018-01-22,Outdoor,3592860.2399999998,2747833.894373649,1295,227,7,False
2018-01-22,Streetwear,17112100.89,14068231.67735578,1992,416,7,False
2018-01-29,Casual,924711.05,765868.5089583951,183,42,7,False
2018-01-29,GenZ,227380.22,172223.8372382421,110,30,7,False
2018-01-29,Outdoor,3971499.81,3146723.176730538,1428,261,7,False
2018-01-29,Streetwear,20970324.54,17014199.77328456,2481,538,7,False
2018-02-05,Casual,536491.14,442707.4942090433,124,25,7,False
2018-02-05,GenZ,310448.22000000003,232386.62030621202,141,28,7,False
2018-02-05,Outdoor,2851609.49,2243778.954767541,1026,199,7,False
2018-02-05,Streetwear,13418022.13,10611512.479146933,1574,355,7,False
2018-02-12,Casual,777554.8099999999,688209.9433368854,170,43,7,False
2018-02-12,GenZ,186228.18,154695.21395380987,85,21,7,False
2018-02-12,Outdoor,4578033.87,3553809.4662979594,1628,273,7,False
2018-02-12,Streetwear,18663625.01,14856483.593740186,2179,494,7,False
2018-02-19,Casual,670625.77,588670.6887503151,162,36,7,False
2018-02-19,GenZ,344568.39,276405.41782760434,149,36,7,False
2018-02-19,Outdoor,5065020.63,4018725.301971079,1834,308,7,False
2018-02-19,Streetwear,18492056.01,14596688.287194546,2285,526,7,False
2018-02-26,Casual,1118582.08,965604.7323318775,248,55,7,False
2018-02-26,GenZ,580725.89,446510.96696138015,248,52,7,False
2018-02-26,Outdoor,6533304.92,5169115.952249032,2400,411,7,False
2018-02-26,Streetwear,28183552.28,22571006.162907403,3563,776,7,False
2018-03-05,Casual,954719.96,793511.2455028349,217,43,7,False
2018-03-05,GenZ,335299.13,262448.4762890917,137,33,7,False
2018-03-05,Outdoor,2696549.38,2150490.490789983,999,177,7,False
2018-03-05,Streetwear,18094755.55,14438624.1199301,2210,499,7,False
2018-03-12,Casual,1050449.88,878915.146860101,257,58,7,False
2018-03-12,GenZ,567794.11,422619.69001873664,264,59,7,False
2018-03-12,Outdoor,5567829.65,4293021.1895988975,1969,335,7,False
2018-03-12,Streetwear,28407299.0,22824945.86442159,3609,807,7,False
2018-03-19,Casual,1219535.95,1244543.5898127062,341,65,7,False
2018-03-19,GenZ,640897.23,627852.2457772356,340,86,7,False
2018-03-19,Outdoor,3971489.81,3832494.356907216,1877,333,7,False
2018-03-19,Streetwear,24911798.39,24338388.77279949,3896,866,7,False
2018-03-26,Casual,1656644.7,1795179.3568729549,504,116,7,False
2018-03-26,GenZ,1139831.72,1112676.7522281224,652,137,7,False
2018-03-26,Outdoor,6895649.84,6982928.9382093465,3423,567,7,False
2018-03-26,Streetwear,39381675.94,40646187.64576253,6883,1506,7,False
2018-04-02,Casual,1163934.78,1282985.6934206977,346,81,7,False
2018-04-02,GenZ,567092.49,560106.1852925023,314,74,7,False
2018-04-02,Outdoor,3594940.6,3639779.2307691667,1728,306,7,False
2018-04-02,Streetwear,25003616.79,25544543.328402933,4183,901,7,False
2018-04-09,Casual,1164434.27,1199919.9006316203,332,68,7,False
2018-04-09,GenZ,529927.75,462844.63687003567,326,74,7,False
2018-04-09,Outdoor,4038791.5100000002,3833878.39430655,1917,342,7,False
2018-04-09,Streetwear,26740120.77,26278795.99826718,4382,981,7,False
2018-04-16,Casual,1622393.6400000001,1415344.7223771925,372,82,7,False
2018-04-16,GenZ,929601.59,704674.5242768668,462,115,7,False
2018-04-16,Outdoor,5165536.86,4003475.012138787,1904,329,7,False
2018-04-16,Streetwear,41387499.63,32739235.302608654,5481,1179,7,False
2018-04-23,Casual,2322674.18,1994033.635715898,551,115,7,False
2018-04-23,GenZ,1601343.63,1203946.395191579,673,149,7,False
2018-04-23,Outdoor,5724881.69,4467628.52029599,2298,381,7,False
2018-04-23,Streetwear,50301550.82,39959094.388046615,6979,1537,7,False
2018-04-30,Casual,2054594.79,1747920.249888477,456,110,7,False
2018-04-30,GenZ,1689351.56,1308293.0355173077,762,164,7,False
2018-04-30,Outdoor,5171716.21,4051134.141411148,2103,354,7,False
2018-04-30,Streetwear,47241951.98,37749141.65196714,6438,1391,7,False
2018-05-07,Casual,1510612.69,1324681.2402493053,376,86,7,False
2018-05-07,GenZ,1296116.76,1004207.2029810081,549,136,7,False
2018-05-07,Outdoor,3900607.28,3084715.161541824,1490,251,7,False
2018-05-07,Streetwear,33627620.45,26480557.36223568,4812,1087,7,False
2018-05-14,Casual,2185585.95,1837179.811516807,570,119,7,False
2018-05-14,GenZ,1826179.02,1428894.8751204833,930,200,7,False
2018-05-14,Outdoor,4859283.96,3803665.863460722,1935,328,7,False
2018-05-14,Streetwear,43905351.160000004,34633813.661046736,6082,1364,7,False
2018-05-21,Casual,2225345.28,1896727.6510834987,537,108,7,False
2018-05-21,GenZ,1868674.34,1450485.1731175878,867,182,7,False
2018-05-21,Outdoor,3861452.91,3063358.965283486,1460,255,7,False
2018-05-21,Streetwear,39658579.41,31526989.979157552,5562,1234,7,False
2018-05-28,Casual,4425906.66,3726851.5913178716,1088,227,7,False
2018-05-28,GenZ,4751828.39,3731327.9558587284,2094,454,7,False
2018-05-28,Outdoor,7084156.6,5530310.47667813,3216,564,7,False
2018-05-28,Streetwear,82404491.62,65001685.363961466,11812,2598,7,False
2018-06-04,Casual,1681665.27,1498951.0511604596,425,98,7,False
2018-06-04,GenZ,2185707.48,1710906.7933144972,906,199,7,False
2018-06-04,Outdoor,2436617.69,1937529.4358215237,1064,195,7,False
2018-06-04,Streetwear,29788380.71,23293036.583995927,4242,942,7,False
2018-06-11,Casual,2265739.91,1910666.066654783,519,106,7,False
2018-06-11,GenZ,3035992.65,2354114.1409317125,1356,293,7,False
2018-06-11,Outdoor,3762785.29,2999453.035027443,1591,256,7,False
2018-06-11,Streetwear,43541008.23,34530035.26625024,6260,1372,7,False
2018-06-18,Casual,2358537.66,2071917.6968487531,569,119,7,False
2018-06-18,GenZ,3035305.03,2357384.3508263044,1320,300,7,False
2018-06-18,Outdoor,3759377.44,3117382.68481176,1662,276,7,False
2018-06-18,Streetwear,45022269.99,37039843.76442452,6593,1420,7,False
2018-06-25,Casual,2297285.29,2819073.7171787187,855,189,7,False
2018-06-25,GenZ,2266065.55,2509985.9720607186,1464,337,7,False
2018-06-25,Outdoor,3280249.22,3792721.0038055703,2142,374,7,False
2018-06-25,Streetwear,45540236.54,52740777.157384455,9635,2069,7,False
2018-07-02,Casual,1072375.98,1383090.307092497,375,86,7,False
2018-07-02,GenZ,1390085.21,1671584.640985461,741,159,7,False
2018-07-02,Outdoor,1290694.41,1457834.3155990154,884,140,7,False
2018-07-02,Streetwear,18408204.78,21660202.13459685,3810,863,7,False
2018-07-09,Casual,836324.02,1061480.5663683992,303,75,7,False
2018-07-09,GenZ,1000816.55,1149935.9263611864,607,146,7,False
2018-07-09,Outdoor,1858967.97,2120804.7722161,1141,177,7,False
2018-07-09,Streetwear,24158654.97,28541742.555505566,4823,1063,7,False
2018-07-16,Casual,1426761.99,1645871.2525032384,476,102,7,False
2018-07-16,GenZ,1141281.06,1214251.3729111697,548,133,7,False
2018-07-16,Outdoor,1791806.19,1881089.323514699,1189,201,7,False
2018-07-16,Streetwear,27143035.77,29255044.122048706,4995,1117,7,False
2018-07-23,Casual,1908994.04,1561607.0266459573,452,96,7,False
2018-07-23,GenZ,1193807.39,944036.0250491229,495,114,7,False
2018-07-23,Outdoor,2447059.53,1878832.4037173258,1108,178,7,False
2018-07-23,Streetwear,36312386.3,28910824.35675574,5024,1128,7,False
2018-07-30,Casual,2238744.93,1903413.4197269052,503,114,7,False
2018-07-30,GenZ,2141898.8,1734684.4011001205,759,166,7,False
2018-07-30,Outdoor,4068308.79,3086736.48111815,1698,295,7,False
2018-07-30,Streetwear,48752571.39,38421450.76300794,6564,1427,7,False
2018-08-06,Casual,1027618.8,843034.2173640972,224,46,7,False
2018-08-06,GenZ,1075295.84,818343.5496330614,438,96,7,False
2018-08-06,Outdoor,1993832.77,1523744.7370991406,891,148,7,False
2018-08-06,Streetwear,23053006.37,18166500.29021768,2965,639,7,False
2018-08-13,Casual,795129.72,683179.8270118596,177,45,7,False
2018-08-13,GenZ,1113852.71,840712.1926448725,481,107,7,False
2018-08-13,Outdoor,2776570.07,2196014.8382446715,1140,195,7,False
2018-08-13,Streetwear,27940439.48,21771331.621024095,3520,772,7,False
2018-08-20,Casual,1040851.5,889175.8031237058,246,52,7,False
2018-08-20,GenZ,1367579.8,1059230.1713885767,445,98,7,False
2018-08-20,Outdoor,2410936.12,1898508.0538784037,996,190,7,False
2018-08-20,Streetwear,27881351.51,22100034.68795152,3403,738,7,False
2018-08-27,Casual,2335386.75,2029246.0348411913,507,111,7,False
2018-08-27,GenZ,1532357.76,1220951.0669315723,661,150,7,False
2018-08-27,Outdoor,4879455.41,3950794.2615424357,2059,358,7,False
2018-08-27,Streetwear,45845420.49,37337903.87972216,5533,1224,7,False
2018-09-03,Casual,758000.1,735510.6626867309,181,37,7,False
2018-09-03,GenZ,478514.69,413986.1564648142,238,56,7,False
2018-09-03,Outdoor,1505105.06,1462880.8615292292,730,131,7,False
2018-09-03,Streetwear,15119189.64,14763146.846083246,2218,485,7,False
2018-09-10,Casual,790808.68,828753.099307779,202,44,7,False
2018-09-10,GenZ,322100.92,287508.0631261044,181,47,7,False
2018-09-10,Outdoor,1970874.68,1872812.740364992,956,165,7,False
2018-09-10,Streetwear,17390430.51,17286325.65583273,2505,543,7,False
2018-09-17,Casual,853369.16,857799.7806506123,235,50,7,False
2018-09-17,GenZ,592190.09,555202.4740683367,287,57,7,False
2018-09-17,Outdoor,2026908.66,1978719.6831875655,1046,185,7,False
2018-09-17,Streetwear,16603663.29,16373995.085421475,2375,510,7,False
2018-09-24,Casual,1100801.06,1111600.1142304852,249,56,7,False
2018-09-24,GenZ,646734.76,545217.5970490632,320,67,7,False
2018-09-24,Outdoor,3283967.85,3140712.1907161837,1431,226,7,False
2018-09-24,Streetwear,23836313.43,23113035.51672223,3295,737,7,False
2018-10-01,Casual,479610.43,400384.27568087867,103,24,7,False
2018-10-01,GenZ,608709.96,467087.2242845759,235,55,7,False
2018-10-01,Outdoor,1722609.52,1442847.0632462332,627,118,7,False
2018-10-01,Streetwear,13306882.26,10779079.39218983,1573,349,7,False
2018-10-08,Casual,542842.35,448818.7896052476,116,28,7,False
2018-10-08,GenZ,511476.41000000003,378408.0882733535,230,45,7,False
2018-10-08,Outdoor,1614777.56,1222134.7519701838,582,108,7,False
2018-10-08,Streetwear,16065514.18,12679063.264544943,1814,391,7,False
2018-10-15,Casual,631092.47,518437.74077644834,137,33,7,False
2018-10-15,GenZ,550424.15,369113.5637928929,207,49,7,False
2018-10-15,Outdoor,2444238.9899999998,1881435.0357004195,846,162,7,False
2018-10-15,Streetwear,15398279.629999999,12202929.426373648,1785,408,7,False
2018-10-22,Casual,775655.77,616968.3531846952,158,40,7,False
2018-10-22,GenZ,431772.02,324655.19258199504,204,45,7,False
2018-10-22,Outdoor,3183125.37,2458458.583480095,1124,195,7,False
2018-10-22,Streetwear,16669724.97,13527755.979811955,1927,434,7,False
2018-10-29,Casual,1057276.5,918445.8074033569,212,45,7,False
2018-10-29,GenZ,815332.34,620017.8778806507,318,66,7,False
2018-10-29,Outdoor,3318303.34,2597829.5827238583,1195,194,7,False
2018-10-29,Streetwear,19307327.27,15421961.058756288,2118,457,7,False
2018-11-05,Casual,521778.43000000005,458773.4308677473,107,21,7,False
2018-11-05,GenZ,326976.85,243889.63453126512,136,29,7,False
2018-11-05,Outdoor,2611030.41,2093211.1923243746,899,143,7,False
2018-11-05,Streetwear,12377647.95,9854500.240985595,1342,278,7,False
2018-11-12,Casual,595661.81,510504.91300582077,131,28,7,False
2018-11-12,GenZ,346080.13,244842.95374656684,140,32,7,False
2018-11-12,Outdoor,2675212.98,2174652.8845695956,1065,188,7,False
2018-11-12,Streetwear,10943872.47,8834509.971698347,1291,287,7,False
2018-11-19,Casual,533340.0499999999,614206.855567496,156,36,7,False
2018-11-19,GenZ,243833.27,280301.0784431885,152,32,7,False
2018-11-19,Outdoor,1858871.59,2049073.030165641,1088,192,7,False
2018-11-19,Streetwear,8110759.89,8896984.349280888,1215,263,7,False
2018-11-26,Casual,374582.07,506423.57942913676,121,23,7,False
2018-11-26,GenZ,271344.75,317933.9999860845,172,37,7,False
2018-11-26,Outdoor,2391589.7,2806482.9444202976,1622,279,7,False
2018-11-26,Streetwear,6498600.4,7925139.05811991,1178,264,7,False
2018-12-03,Casual,260187.79,352245.75384538196,84,17,7,False
2018-12-03,GenZ,235765.80000000002,265989.5205100313,132,27,7,False
2018-12-03,Outdoor,1695770.4,2039643.1951977408,1096,192,7,False
2018-12-03,Streetwear,5148880.72,6254817.476641744,883,200,7,False
2018-12-10,Casual,230933.65999999997,290848.12410579756,88,19,7,False
2018-12-10,GenZ,224603.26,273503.7935896201,125,25,7,False
2018-12-10,Outdoor,2381577.49,2868497.047449574,1798,289,7,False
2018-12-10,Streetwear,6147929.25,7649886.828050099,1075,237,7,False
2018-12-17,Casual,253899.50999999998,337814.9342858464,92,21,7,False
2018-12-17,GenZ,254147.94,290822.4287875353,152,34,7,False
2018-12-17,Outdoor,2790380.16,3362197.3288454046,2354,372,7,False
2018-12-17,Streetwear,5394672.09,6596730.817634313,935,203,7,False
2018-12-24,Casual,684361.54,899561.2059285656,191,41,7,False
2018-12-24,GenZ,413452.68,434985.92812128016,277,65,7,False
2018-12-24,Outdoor,3993538.56,4820734.2877762895,3196,526,7,False
2018-12-24,Streetwear,10149287.03,12386905.882512169,1754,383,7,False
2018-12-31,Casual,492342.69,486435.25415165105,142,26,7,False
2018-12-31,GenZ,218580.25,205135.60404654685,132,29,7,False
2018-12-31,Outdoor,2455841.09,2380880.087465665,1258,227,7,False
2018-12-31,Streetwear,7785955.39,7524035.960390357,1044,237,7,False
2019-01-07,Casual,427766.48,334339.990936843,93,22,7,False
2019-01-07,GenZ,56644.8,37295.32646030766,24,9,7,False
2019-01-07,Outdoor,1534060.95,1243390.2103836327,593,110,7,False
2019-01-07,Streetwear,10824090.58,8659157.968203075,1161,237,7,False
2019-01-14,Casual,591083.47,501354.91387961095,105,21,7,False
2019-01-14,GenZ,184055.39,129184.74117082459,98,21,7,False
2019-01-14,Outdoor,1880106.31,1476337.396352544,643,108,7,False
2019-01-14,Streetwear,10234315.51,8058906.855804205,1131,245,7,False
2019-01-21,Casual,519269.3,434037.5559174802,100,23,7,False
2019-01-21,GenZ,252110.86,200021.36552993298,97,20,7,False
2019-01-21,Outdoor,2761818.7800000003,2205210.3323769723,944,162,7,False
2019-01-21,Streetwear,12692940.82,10209653.969687855,1428,312,7,False
2019-01-28,Casual,1019544.22,885297.9371441968,208,43,7,False
2019-01-28,GenZ,349125.04,296670.8257203044,143,34,7,False
2019-01-28,Outdoor,2902495.67,2561985.6165520414,1361,242,7,False
2019-01-28,Streetwear,17328269.28,13704952.477634009,1983,422,7,False
2019-02-04,Casual,476783.38,413490.81302110263,95,17,7,False
2019-02-04,GenZ,287234.31,212461.7995397742,126,28,7,False
2019-02-04,Outdoor,2117034.84,2230641.621753426,1336,236,7,False
2019-02-04,Streetwear,9913865.73,7823322.3602279965,1145,267,7,False
2019-02-11,Casual,352066.68,304190.7190773695,92,20,7,False
2019-02-11,GenZ,121284.22,83675.68973250814,79,19,7,False
2019-02-11,Outdoor,1974268.43,2110900.648112703,922,154,7,False
2019-02-11,Streetwear,15388736.85,12258949.602935776,1770,407,7,False
2019-02-18,Casual,791628.86,634037.0956099237,188,38,7,False
2019-02-18,GenZ,340217.95,262627.86532916164,143,26,7,False
2019-02-18,Outdoor,2153412.85,2368992.444778934,886,155,7,False
2019-02-18,Streetwear,17035599.1,13600017.75382297,2058,449,7,False
2019-02-25,Casual,495545.58,408289.89232072554,115,29,7,False
2019-02-25,GenZ,407434.58,343076.7742798401,146,29,7,False
2019-02-25,Outdoor,1903707.08,2059849.7007243014,785,147,7,False
2019-02-25,Streetwear,19042499.25,15191345.904125784,2212,476,7,False
2019-03-04,Casual,484665.35,412350.24655737047,100,22,7,False
2019-03-04,GenZ,341619.43,250387.388358193,145,34,7,False
2019-03-04,Outdoor,1679340.27,1367818.0485637633,522,86,7,False
2019-03-04,Streetwear,14404805.31,11540623.919662235,1646,343,7,False
2019-03-11,Casual,1159387.1,943689.6692972686,239,46,7,False
2019-03-11,GenZ,351207.7,268121.97477576614,136,33,7,False
2019-03-11,Outdoor,2394846.08,1870133.6775490702,763,128,7,False
2019-03-11,Streetwear,18815250.37,15148585.345700718,2167,492,7,False
2019-03-18,Casual,951059.05,926602.9801055077,213,46,7,False
2019-03-18,GenZ,521412.14,487376.0418997704,268,57,7,False
2019-03-18,Outdoor,2660583.17,2398970.964575803,919,163,7,False
2019-03-18,Streetwear,21170864.55,20422633.353546217,2887,642,7,False
2019-03-25,Casual,1272884.43,1380271.1234683052,364,77,7,False
2019-03-25,GenZ,561447.5,524245.3085848242,360,75,7,False
2019-03-25,Outdoor,4669971.98,4856723.793292237,1983,331,7,False
2019-03-25,Streetwear,27069298.01,27694280.836278696,4285,961,7,False
2019-04-01,Casual,955965.25,997489.7041131036,215,51,7,False
2019-04-01,GenZ,465543.14,500844.87032424926,201,46,7,False
2019-04-01,Outdoor,2606455.37,2712273.8123944383,1075,184,7,False
2019-04-01,Streetwear,19970801.09,20577979.03042747,3097,683,7,False
2019-04-08,Casual,892411.36,950363.959905097,228,42,7,False
2019-04-08,GenZ,281880.87,260078.05915293988,142,35,7,False
2019-04-08,Outdoor,2409783.78,2473734.321531866,992,178,7,False
2019-04-08,Streetwear,15757737.27,16113719.960788906,2408,521,7,False
2019-04-15,Casual,913152.24,787358.9913492724,210,46,7,False
2019-04-15,GenZ,454189.45,355226.51671097835,202,46,7,False
2019-04-15,Outdoor,2743270.84,2323180.2384688924,957,175,7,False
2019-04-15,Streetwear,20758364.21,17069345.585126527,2544,572,7,False
2019-04-22,Casual,1635299.74,1304137.4023824746,371,75,7,False
2019-04-22,GenZ,500313.75,357138.78902651917,220,46,7,False
2019-04-22,Outdoor,3656975.54,2946515.3924934515,1157,197,7,False
2019-04-22,Streetwear,26857807.1,21206919.526769094,3167,698,7,False
2019-04-29,Casual,1426030.65,1180851.9902120929,294,65,7,False
2019-04-29,GenZ,959441.84,722454.5486558806,381,82,7,False
2019-04-29,Outdoor,3967742.91,3071746.454287985,1363,234,7,False
2019-04-29,Streetwear,32232605.08,25618040.023049768,3935,859,7,False
2019-05-06,Casual,566642.4,466203.3362312195,140,32,7,False
2019-05-06,GenZ,595332.1,460167.2335053483,243,54,7,False
2019-05-06,Outdoor,1936947.83,1546848.4890589947,663,116,7,False
2019-05-06,Streetwear,17285533.16,13688159.950650956,2061,459,7,False
2019-05-13,Casual,1164657.55,941227.2768330367,261,53,7,False
2019-05-13,GenZ,604667.78,464711.4302590615,239,52,7,False
2019-05-13,Outdoor,2963334.66,2333279.635240287,1019,177,7,False
2019-05-13,Streetwear,24329653.13,19242770.69255305,2933,643,7,False
2019-05-20,Casual,941062.47,775316.2201673586,198,40,7,False
2019-05-20,GenZ,593663.33,442428.7092586636,234,53,7,False
2019-05-20,Outdoor,3691149.14,2919833.83951366,1285,230,7,False
2019-05-20,Streetwear,22994781.11,18382384.584953032,2706,598,7,False
2019-05-27,Casual,1478260.6199999999,1250290.075048943,355,82,7,False
2019-05-27,GenZ,1276605.45,999461.5911558552,493,103,7,False
2019-05-27,Outdoor,5313251.33,4211735.754288056,2008,330,7,False
2019-05-27,Streetwear,37839046.53,30185329.548606157,4624,1052,7,False
2019-06-03,Casual,811468.9299999999,653418.9938259178,188,45,7,False
2019-06-03,GenZ,554088.34,425255.46092931053,219,48,7,False
2019-06-03,Outdoor,2426430.47,1939581.8243518742,880,144,7,False
2019-06-03,Streetwear,20405443.11,16214740.398156324,2550,555,7,False
2019-06-10,Casual,711865.16,568447.6046917792,160,38,7,False
2019-06-10,GenZ,591485.8,437435.06432015426,270,56,7,False
2019-06-10,Outdoor,2947130.48,2401446.3608528953,1080,188,7,False
2019-06-10,Streetwear,21596503.78,17241902.46439543,2621,558,7,False
2019-06-17,Casual,996921.0800000001,841811.1294559976,239,56,7,False
2019-06-17,GenZ,648298.42,504554.80208097264,289,62,7,False
2019-06-17,Outdoor,2510634.4,1978445.2135680043,1121,189,7,False
2019-06-17,Streetwear,22934228.69,18502720.99315663,2856,624,7,False
2019-06-24,Casual,770827.61,937790.5689723968,281,61,7,False
2019-06-24,GenZ,460850.23,476032.64892738103,309,69,7,False
2019-06-24,Outdoor,3001224.66,3316707.353908785,1707,297,7,False
2019-06-24,Streetwear,23103163.45,25709860.72895358,3912,834,7,False
2019-07-01,Casual,878265.79,1054015.04729628,263,56,7,False
2019-07-01,GenZ,487170.24,555556.5749396799,292,61,7,False
2019-07-01,Outdoor,1651286.59,1981879.4485976405,924,159,7,False
2019-07-01,Streetwear,13502607.98,16193913.491875611,2375,508,7,False
2019-07-08,Casual,625688.4500000001,751921.1827238398,187,42,7,False
2019-07-08,GenZ,333152.4,372522.4146740708,213,48,7,False
2019-07-08,Outdoor,1309640.17,1551892.944559398,774,143,7,False
2019-07-08,Streetwear,11610153.2,13624601.299769001,2083,470,7,False
2019-07-15,Casual,614952.38,705101.6546817422,179,42,7,False
2019-07-15,GenZ,388046.69,439300.1039657098,269,59,7,False
2019-07-15,Outdoor,1760564.08,1949873.303103368,865,152,7,False
2019-07-15,Streetwear,14434606.03,16215703.810381409,2426,526,7,False
2019-07-22,Casual,779094.62,680084.639063337,158,35,7,False
2019-07-22,GenZ,550647.03,415304.18540983606,260,53,7,False
2019-07-22,Outdoor,2336081.03,1893091.0356174922,961,161,7,False
2019-07-22,Streetwear,18220987.4,14387739.992089605,2277,511,7,False
2019-07-29,Casual,1124655.66,1020514.291409472,238,53,7,False
2019-07-29,GenZ,655111.93,502051.5044017906,294,60,7,False
2019-07-29,Outdoor,3210752.56,2561547.7542520273,1215,201,7,False
2019-07-29,Streetwear,17639002.69,21840975.57989029,3227,716,7,False
2019-08-05,Casual,511136.6,411009.46576060273,118,26,7,False
2019-08-05,GenZ,570728.31,460916.289220253,250,52,7,False
2019-08-05,Outdoor,1413185.3599999999,1084380.624464866,529,87,7,False
2019-08-05,Streetwear,9154402.81,14521808.435884103,2027,444,7,False
2019-08-12,Casual,625260.78,527155.2064481903,141,29,7,False
2019-08-12,GenZ,517428.1,347851.4242750338,258,55,7,False
2019-08-12,Outdoor,2163080.2,1712422.47745475,770,134,7,False
2019-08-12,Streetwear,9853233.6,15917396.766918754,2333,525,7,False
2019-08-19,Casual,927538.82,795792.3222498255,201,46,7,False
2019-08-19,GenZ,719402.8,531730.0944111096,299,71,7,False
2019-08-19,Outdoor,2806509.79,2121165.9897523243,1082,175,7,False
2019-08-19,Streetwear,10655933.22,16796795.08593185,2423,523,7,False
2019-08-26,Casual,1234964.5,1054708.3988180584,275,59,7,False
2019-08-26,GenZ,1101545.69,848883.2845283248,457,108,7,False
2019-08-26,Outdoor,4816254.16,3809470.9812682983,1721,312,7,False
2019-08-26,Streetwear,18546026.48,28585485.453227606,4234,950,7,False
2019-09-02,Casual,304692.06,304221.1015747518,92,19,7,False
2019-09-02,GenZ,346663.12,332564.4326821384,179,34,7,False
2019-09-02,Outdoor,1023556.22,1002538.8355154631,477,75,7,False
2019-09-02,Streetwear,9044058.95,9156345.595285777,1294,277,7,False
2019-09-09,Casual,419787.77999999997,418657.0701703797,116,27,7,False
2019-09-09,GenZ,471764.25,440064.89012764173,245,53,7,False
2019-09-09,Outdoor,1740798.95,1648033.7884460187,778,137,7,False
2019-09-09,Streetwear,12690980.31,12455243.581807062,1796,389,7,False
2019-09-16,Casual,563309.55,555728.3196598871,150,36,7,False
2019-09-16,GenZ,427633.31,434692.64171669574,221,47,7,False
2019-09-16,Outdoor,2177093.24,2084254.3146301596,894,140,7,False
2019-09-16,Streetwear,12819835.22,12434239.788937138,1749,390,7,False
2019-09-23,Casual,988603.31,991259.7348079836,251,58,7,False
2019-09-23,GenZ,575814.79,532203.5992913822,302,69,7,False
2019-09-23,Outdoor,2180461.14,2101322.5835182844,1049,176,7,False
2019-09-23,Streetwear,15641638.53,15365292.231382657,2202,491,7,False
2019-09-30,Casual,644456.84,565085.5454899749,151,37,7,False
2019-09-30,GenZ,450790.32,360685.840373128,190,42,7,False
2019-09-30,Outdoor,1939242.84,1583000.6726829524,705,122,7,False
2019-09-30,Streetwear,11668028.68,9668648.252509722,1359,296,7,False
2019-10-07,Casual,474753.76,381542.69708876853,91,21,7,False
2019-10-07,GenZ,176594.65,133761.22302322494,109,28,7,False
2019-10-07,Outdoor,1422928.18,1164790.1565622007,496,88,7,False
2019-10-07,Streetwear,8984557.86,7099829.699597035,998,223,7,False
2019-10-14,Casual,140349.27,117852.14241963597,40,13,7,False
2019-10-14,GenZ,356030.51,280144.354363281,169,31,7,False
2019-10-14,Outdoor,2151756.11,1761167.9052608185,715,109,7,False
2019-10-14,Streetwear,9614524.44,7645221.794726099,1086,247,7,False
2019-10-21,Casual,911674.4299999999,782493.5388505495,180,37,7,False
2019-10-21,GenZ,293809.06,229562.66350556837,116,26,7,False
2019-10-21,Outdoor,1886649.16,1459746.5472381755,671,118,7,False
2019-10-21,Streetwear,12447006.99,9994865.855750715,1430,316,7,False
2019-10-28,Casual,1163631.72,1002380.126538254,232,51,7,False
2019-10-28,GenZ,496424.54,375875.15469600266,212,45,7,False
2019-10-28,Outdoor,2677001.42,2088800.714487431,965,169,7,False
2019-10-28,Streetwear,16018804.84,12993191.296339547,1856,409,7,False
2019-11-04,Casual,321360.39,286978.82677354256,68,14,7,False
2019-11-04,GenZ,250497.89,190646.88034305634,115,25,7,False
2019-11-04,Outdoor,1569038.05,1242531.5028460445,608,104,7,False
2019-11-04,Streetwear,9023010.68,7179630.443529791,986,219,7,False
2019-11-11,Casual,334631.6,254192.54564905606,66,16,7,False
2019-11-11,GenZ,243667.02,195295.62272630478,119,24,7,False
2019-11-11,Outdoor,2055542.3599999999,1624253.9670227647,742,129,7,False
2019-11-11,Streetwear,11428012.22,9272232.830964357,1225,273,7,False
2019-11-18,Casual,388697.52999999997,416132.5730028525,104,25,7,False
2019-11-18,GenZ,205454.99,218521.50694814805,109,30,7,False
2019-11-18,Outdoor,1594099.01,1724286.9324745233,829,151,7,False
2019-11-18,Streetwear,6549679.35,7053528.716163194,960,221,7,False
2019-11-25,Casual,326897.25,425193.3570987002,100,22,7,False
2019-11-25,GenZ,184244.83,210822.90559739285,130,30,7,False
2019-11-25,Outdoor,1683493.3599999999,2061144.7261038655,1253,207,7,False
2019-11-25,Streetwear,6724624.43,8369984.807779353,1194,282,7,False
2019-12-02,Casual,183013.66,246785.11137747276,63,15,7,False
2019-12-02,GenZ,106267.51,122523.01181111344,101,19,7,False
2019-12-02,Outdoor,1199790.39,1450933.9256659623,888,162,7,False
2019-12-02,Streetwear,3305750.2399999998,4024656.684092947,552,123,7,False
2019-12-09,Casual,94343.88,129777.30946528325,34,8,7,False
2019-12-09,GenZ,156067.41,199829.29760132168,111,23,7,False
2019-12-09,Outdoor,1841077.92,2232142.7919279034,1438,258,7,False
2019-12-09,Streetwear,3926106.0500000003,4826830.541382949,675,153,7,False
2019-12-16,Casual,310440.47000000003,388566.15060842125,95,23,7,False
2019-12-16,GenZ,198540.39,262648.38846308494,124,26,7,False
2019-12-16,Outdoor,2120199.25,2594442.710255101,1833,322,7,False
2019-12-16,Streetwear,6151660.1,7663909.808676359,1000,231,7,False
2019-12-23,Casual,181054.56,204418.19087499942,67,12,7,False
2019-12-23,GenZ,216723.88,259378.12312801002,171,39,7,False
2019-12-23,Outdoor,3268752.27,4031992.8817876875,2905,482,7,False
2019-12-23,Streetwear,6550993.08,8067817.530609949,1045,240,7,False
2019-12-30,Casual,443473.13,516794.4836851139,127,25,7,False
2019-12-30,GenZ,166317.91,182634.98732110174,103,23,7,False
2019-12-30,Outdoor,2348823.46,2535637.135351799,1612,270,7,False
2019-12-30,Streetwear,5538918.94,5916906.403457512,768,190,7,False
2020-01-06,Casual,297095.6,266581.1754978043,63,18,7,False
2020-01-06,GenZ,73465.78,51158.35437606215,44,11,7,False
2020-01-06,Outdoor,1549824.54,1214200.56212467,506,84,7,False
2020-01-06,Streetwear,5224323.37,4201728.89234313,560,126,7,False
2020-01-13,Casual,116875.34,106316.00189089616,22,7,7,False
2020-01-13,GenZ,79107.34,57284.173366613744,52,10,7,False
2020-01-13,Outdoor,1529460.51,1191584.5334428789,489,83,7,False
2020-01-13,Streetwear,7940111.58,6162734.303427001,812,178,7,False
2020-01-20,Casual,240174.07,180264.26603538438,53,11,7,False
2020-01-20,GenZ,143983.29,115318.21718150923,84,17,7,False
2020-01-20,Outdoor,1976195.38,1530117.0781557139,675,108,7,False
2020-01-20,Streetwear,8562214.15,6859966.584890944,886,194,7,False
2020-01-27,Casual,539253.58,466851.5773879366,126,26,7,False
2020-01-27,GenZ,93202.88,74810.35846296912,50,12,7,False
2020-01-27,Outdoor,2148850.45,1629626.2919352832,663,115,7,False
2020-01-27,Streetwear,11008113.44,8575755.863581473,1142,279,7,False
2020-02-03,Casual,231061.35,191355.36440910658,52,12,7,False
2020-02-03,GenZ,167811.92,126268.02286197901,75,18,7,False
2020-02-03,Outdoor,1587951.21,1247352.7949820168,492,97,7,False
2020-02-03,Streetwear,7939626.21,6231786.6161929155,821,183,7,False
2020-02-10,Casual,429614.0,359355.9121027366,87,19,7,False
2020-02-10,GenZ,163170.41,134714.39762653512,75,16,7,False
2020-02-10,Outdoor,1829870.57,1441910.2751146257,533,94,7,False
2020-02-10,Streetwear,9495919.76,7616898.998321103,1049,236,7,False
2020-02-17,Casual,448443.11,359061.2063972069,88,20,7,False
2020-02-17,GenZ,297231.69,217225.35100635336,147,32,7,False
2020-02-17,Outdoor,2436231.07,1863849.9616431892,751,138,7,False
2020-02-17,Streetwear,13692271.9,10990318.372343436,1386,310,7,False
2020-02-24,Casual,375184.6,334719.84170382645,67,15,7,False
2020-02-24,GenZ,308496.74,241521.35558659394,122,26,7,False
2020-02-24,Outdoor,2213723.9,1697682.927257064,720,111,7,False
2020-02-24,Streetwear,12764168.37,10175033.779413233,1262,281,7,False
2020-03-02,Casual,558693.9,488888.74376967334,117,24,7,False
2020-03-02,GenZ,197073.16,164656.98481765448,73,14,7,False
2020-03-02,Outdoor,1642148.03,1304934.3595392448,501,84,7,False
2020-03-02,Streetwear,8382884.43,6528486.853909723,937,205,7,False
2020-03-09,Casual,741937.83,638682.2732210638,167,33,7,False
2020-03-09,GenZ,160420.03999999998,128813.72020959313,72,19,7,False
2020-03-09,Outdoor,2782022.41,2244253.7309257146,896,158,7,False
2020-03-09,Streetwear,16305336.63,13056973.394664388,1819,382,7,False
2020-03-16,Casual,754234.49,750805.7190868284,156,41,7,False
2020-03-16,GenZ,308545.71,263359.28097024304,162,35,7,False
2020-03-16,Outdoor,3090221.77,2618162.9820548748,1025,180,7,False
2020-03-16,Streetwear,19729496.98,17629874.481148746,2429,535,7,False
2020-03-23,Casual,1115355.95,1306586.3395109095,310,59,7,False
2020-03-23,GenZ,255830.31,274794.0059705046,157,36,7,False
2020-03-23,Outdoor,3004301.46,3105968.2610094547,1309,220,7,False
2020-03-23,Streetwear,22437204.65,22753704.629687667,3221,719,7,False
2020-03-30,Casual,1011389.79,1124056.9823341602,277,67,7,False
2020-03-30,GenZ,536023.91,553488.3613100682,299,69,7,False
2020-03-30,Outdoor,4151316.55,4173474.797719534,1756,318,7,False
2020-03-30,Streetwear,29740451.32,30231763.743502565,4535,983,7,False
2020-04-06,Casual,440106.22000000003,458594.3326163029,104,27,7,False
2020-04-06,GenZ,288434.07,291926.0290422164,197,42,7,False
2020-04-06,Outdoor,2252389.25,2276556.0268747644,978,168,7,False
2020-04-06,Streetwear,15801354.56,16161319.711768258,2263,507,7,False
2020-04-13,Casual,881066.49,806685.6531585419,198,45,7,False
2020-04-13,GenZ,414924.58999999997,355572.9204201219,223,46,7,False
2020-04-13,Outdoor,2384921.81,2153090.588071332,972,187,7,False
2020-04-13,Streetwear,22281824.14,19593248.500632353,2856,641,7,False
2020-04-20,Casual,917760.23,769544.515077201,214,50,7,False
2020-04-20,GenZ,444792.46,326884.6814825705,225,58,7,False
2020-04-20,Outdoor,3053744.2,2369661.29646086,1098,203,7,False
2020-04-20,Streetwear,22895156.64,18072324.988121334,2690,616,7,False
2020-04-27,Casual,1470313.48,1241861.8043630647,310,65,7,False
2020-04-27,GenZ,766415.42,612828.9324157247,335,77,7,False
2020-04-27,Outdoor,4062781.43,3181036.9451302635,1376,252,7,False
2020-04-27,Streetwear,33097831.54,26384049.27418002,3875,868,7,False
2020-05-04,Casual,648619.87,527789.9942300854,141,35,7,False
2020-05-04,GenZ,346449.24,260942.20777244485,162,39,7,False
2020-05-04,Outdoor,2458076.87,1994202.1429095473,804,142,7,False
2020-05-04,Streetwear,14514393.15,11302407.271868527,1639,354,7,False
2020-05-11,Casual,652693.47,542803.3126452821,144,34,7,False
2020-05-11,GenZ,434490.19,333987.76040733606,212,50,7,False
2020-05-11,Outdoor,2072790.24,1648108.012344672,750,141,7,False
2020-05-11,Streetwear,20098691.71,15921485.630525135,2239,497,7,False
2020-05-18,Casual,955243.27,792622.9196521528,197,47,7,False
2020-05-18,GenZ,475656.17,357285.04432190326,185,41,7,False
2020-05-18,Outdoor,2642754.3,2084795.2448816306,1053,178,7,False
2020-05-18,Streetwear,21102700.53,16960898.563912284,2478,552,7,False
2020-05-25,Casual,1146857.21,972831.8404255408,242,56,7,False
2020-05-25,GenZ,773030.71,574397.0671701632,363,75,7,False
2020-05-25,Outdoor,4215803.91,3417145.8065195284,1579,304,7,False
2020-05-25,Streetwear,32628734.51,25743545.763779722,3761,822,7,False
2020-06-01,Casual,1079169.72,912860.9385272567,210,48,7,False
2020-06-01,GenZ,696528.62,539192.3103828981,310,70,7,False
2020-06-01,Outdoor,2278965.26,1800287.8366146958,904,159,7,False
2020-06-01,Streetwear,18349362.85,14678605.373223523,2046,449,7,False
2020-06-08,Casual,729856.5,578675.3082273866,155,33,7,False
2020-06-08,GenZ,637713.53,516403.38386250945,271,58,7,False
2020-06-08,Outdoor,1454736.59,1182881.186410176,572,106,7,False
2020-06-08,Streetwear,18324717.95,14533527.429765755,2038,447,7,False
2020-06-15,Casual,900090.63,768050.9788158896,179,38,7,False
2020-06-15,GenZ,560393.03,413695.1910211288,286,61,7,False
2020-06-15,Outdoor,2110687.08,1687485.3648172973,774,135,7,False
2020-06-15,Streetwear,19097439.51,15086759.594232805,2143,494,7,False
2020-06-22,Casual,887815.86,939612.3409102294,238,48,7,False
2020-06-22,GenZ,472800.16,436951.5626859298,248,53,7,False
2020-06-22,Outdoor,1198818.46,1117115.5703355845,629,115,7,False
2020-06-22,Streetwear,18622465.39,18414315.90872132,2697,589,7,False
2020-06-29,Casual,745314.02,938604.6521700618,250,54,7,False
2020-06-29,GenZ,574798.77,698332.2010330525,394,92,7,False
2020-06-29,Outdoor,1507208.21,1728253.2186713337,834,151,7,False
2020-06-29,Streetwear,16631263.68,19825702.39054189,3053,666,7,False
2020-07-06,Casual,426587.42,534637.6905653982,135,29,7,False
2020-07-06,GenZ,428352.81,505423.7021051773,278,60,7,False
2020-07-06,Outdoor,902248.23,1041747.6765117487,547,93,7,False
2020-07-06,Streetwear,10506325.77,12561402.888932033,1801,397,7,False
2020-07-13,Casual,503939.4,629310.3686251633,165,33,7,False
2020-07-13,GenZ,329713.62,366121.7598370868,234,57,7,False
2020-07-13,Outdoor,1016947.58,1146380.2791972964,508,96,7,False
2020-07-13,Streetwear,12389756.19,14469787.047907598,2035,446,7,False
2020-07-20,Casual,781294.62,649244.1183787242,172,37,7,False
2020-07-20,GenZ,543841.86,422265.31265040475,270,62,7,False
2020-07-20,Outdoor,1781442.8,1402325.6518521549,638,107,7,False
2020-07-20,Streetwear,16533407.93,13646987.497089094,2039,438,7,False
2020-07-27,Casual,1330551.02,1112154.6372183678,277,57,7,False
2020-07-27,GenZ,626912.14,485205.04362233385,271,67,7,False
2020-07-27,Outdoor,1721930.2,1393738.573356782,667,121,7,False
2020-07-27,Streetwear,22480596.73,17615767.65951683,2734,611,7,False
2020-08-03,Casual,721719.71,605843.5971695452,159,32,7,False
2020-08-03,GenZ,502884.31,405117.6340871893,214,44,7,False
2020-08-03,Outdoor,1610809.57,1255509.8969074986,553,102,7,False
2020-08-03,Streetwear,16608500.89,13166731.540390654,1797,397,7,False
2020-08-10,Casual,825290.02,696595.9458985995,174,32,7,False
2020-08-10,GenZ,485995.9,387299.5093339534,221,50,7,False
2020-08-10,Outdoor,1750533.9,1441576.8043657562,590,106,7,False
2020-08-10,Streetwear,16480111.6,13217414.098864978,1744,396,7,False
2020-08-17,Casual,803091.66,654034.498295176,172,33,7,False
2020-08-17,GenZ,686041.04,538717.4280477247,309,66,7,False
2020-08-17,Outdoor,1615745.44,1309238.9738691037,587,102,7,False
2020-08-17,Streetwear,17570820.22,13919293.79346496,1928,438,7,False
2020-08-24,Casual,963676.09,810747.3855549997,227,52,7,False
2020-08-24,GenZ,591672.98,471363.79635200935,319,76,7,False
2020-08-24,Outdoor,2915571.2,2401975.6510750693,1002,176,7,False
2020-08-24,Streetwear,28699555.76,23313069.610879157,3264,716,7,False
2020-08-31,Casual,444578.58999999997,407693.5385478358,117,24,7,False
2020-08-31,GenZ,423548.24,336709.61410495493,198,48,7,False
2020-08-31,Outdoor,1709200.46,1470254.0664453031,603,99,7,False
2020-08-31,Streetwear,17101209.45,15486763.582013689,1975,423,7,False
2020-09-07,Casual,570225.09,578219.324092454,154,36,7,False
2020-09-07,GenZ,291121.48,294025.43320495734,176,38,7,False
2020-09-07,Outdoor,1236885.56,1194956.750972199,534,95,7,False
2020-09-07,Streetwear,11764174.91,11657230.092083775,1536,341,7,False
2020-09-14,Casual,468779.52,479348.14961720497,106,20,7,False
2020-09-14,GenZ,397578.54,393173.56397175917,216,48,7,False
2020-09-14,Outdoor,1130549.1199999999,1070207.8217465903,518,91,7,False
2020-09-14,Streetwear,11439280.47,11329768.689797008,1482,329,7,False
2020-09-21,Casual,487615.75,496681.99878734356,127,29,7,False
2020-09-21,GenZ,484200.46,457624.47461480333,229,48,7,False
2020-09-21,Outdoor,1320650.52,1275828.9863977947,546,96,7,False
2020-09-21,Streetwear,13184995.37,13252844.531734759,1710,388,7,False
2020-09-28,Casual,218741.96,219680.73751059818,60,13,7,False
2020-09-28,GenZ,519564.60000000003,438230.3249100169,243,54,7,False
2020-09-28,Outdoor,1122005.4000000001,1062756.9401207992,451,85,7,False
2020-09-28,Streetwear,12980059.47,12013993.621472212,1668,368,7,False
2020-10-05,Casual,164345.84,130537.5683885782,42,14,7,False
2020-10-05,GenZ,267760.22000000003,209905.93207411253,102,22,7,False
2020-10-05,Outdoor,1022584.88,801651.7119930732,318,70,7,False
2020-10-05,Streetwear,10010453.59,7995997.539465073,1065,232,7,False
2020-10-12,Casual,520694.0,452552.3945000705,100,22,7,False
2020-10-12,GenZ,350031.15,255987.98702102184,162,38,7,False
2020-10-12,Outdoor,1735939.97,1347164.6242589124,533,87,7,False
2020-10-12,Streetwear,11824279.12,9503701.38414857,1163,264,7,False
2020-10-19,Casual,437128.02,373114.79481345636,79,16,7,False
2020-10-19,GenZ,254098.38999999998,189080.1058087283,109,21,7,False
2020-10-19,Outdoor,1289862.51,987614.9435476706,440,85,7,False
2020-10-19,Streetwear,10899985.99,8630658.362840636,1197,271,7,False
2020-10-26,Casual,693409.54,570141.0353738675,141,33,7,False
2020-10-26,GenZ,468624.0,394434.4310872308,181,37,7,False
2020-10-26,Outdoor,3144462.74,2428865.021581135,1005,172,7,False
2020-10-26,Streetwear,14997591.0,12087706.575243825,1602,358,7,False
2020-11-02,Casual,90492.73000000001,77306.07914066994,20,5,7,False
2020-11-02,GenZ,202353.09,163788.77581418792,101,23,7,False
2020-11-02,Outdoor,1273807.29,1008005.0973095698,437,85,7,False
2020-11-02,Streetwear,6648458.81,5233893.2365201125,676,158,7,False
2020-11-09,Casual,573798.5,496865.9174045181,91,16,7,False
2020-11-09,GenZ,175586.97,136570.0903702354,103,22,7,False
2020-11-09,Outdoor,1445901.1,1145774.8631231852,456,84,7,False
2020-11-09,Streetwear,8554592.83,6883544.324057057,852,199,7,False
2020-11-16,Casual,402691.23,410066.3749413723,98,24,7,False
2020-11-16,GenZ,272591.83999999997,248949.57249786882,133,32,7,False
2020-11-16,Outdoor,1548444.28,1440373.948019802,597,109,7,False
2020-11-16,Streetwear,6770088.44,6401691.109526331,875,190,7,False
2020-11-23,Casual,288643.34,375912.8638343246,94,19,7,False
2020-11-23,GenZ,126454.35,152131.5763411717,90,22,7,False
2020-11-23,Outdoor,1512879.32,1790726.408254691,843,145,7,False
2020-11-23,Streetwear,5703963.21,7264560.2196601955,918,192,7,False
2020-11-30,Casual,196109.84,244693.49498401862,58,13,7,False
2020-11-30,GenZ,180828.68,204272.40664141413,114,22,7,False
2020-11-30,Outdoor,995881.07,1222005.803558057,602,106,7,False
2020-11-30,Streetwear,2681000.65,3338699.8345618974,462,108,7,False
2020-12-07,Casual,51314.700000000004,67479.879213577,22,9,7,False
2020-12-07,GenZ,125017.05,154645.05828725937,87,17,7,False
2020-12-07,Outdoor,1532486.0,1886396.9394283278,1005,186,7,False
2020-12-07,Streetwear,3466641.98,4267831.988690895,559,139,7,False
2020-12-14,Casual,234780.46,304610.03758305014,89,19,7,False
2020-12-14,GenZ,114651.26000000001,133155.00965498347,98,23,7,False
2020-12-14,Outdoor,1655657.98,1988389.9260881953,1155,211,7,False
2020-12-14,Streetwear,5398367.24,6610863.325253171,836,188,7,False
2020-12-21,Casual,256242.78,336428.60234859807,90,21,7,False
2020-12-21,GenZ,192154.8,216125.7618462145,173,40,7,False
2020-12-21,Outdoor,2164305.43,2592180.7046517693,1674,291,7,False
2020-12-21,Streetwear,5368578.14,6799044.455239304,883,194,7,False
2020-12-28,Casual,405072.42,483243.20077670016,124,26,7,False
2020-12-28,GenZ,268459.04,314476.3214697543,182,39,7,False
2020-12-28,Outdoor,2218456.15,2581871.6988069573,1580,264,7,False
2020-12-28,Streetwear,7671176.46,9399986.98709388,1195,271,7,False
2021-01-04,Casual,432909.9,335575.32066102914,86,16,7,False
2021-01-04,GenZ,96251.16,66964.18963605772,53,12,7,False
2021-01-04,Outdoor,999676.9,765606.0933520207,325,63,7,False
2021-01-04,Streetwear,4514799.62,3750648.5940655894,445,93,7,False
2021-01-11,Casual,609813.88,512082.7011983841,106,23,7,False
2021-01-11,GenZ,97942.61,67712.94964739523,49,13,7,False
2021-01-11,Outdoor,993021.89,783753.1783018132,345,62,7,False
2021-01-11,Streetwear,5425775.76,4333766.874477302,526,121,7,False
2021-01-18,Casual,305548.95,232134.96239412177,78,18,7,False
2021-01-18,GenZ,194312.09,154707.52880568794,73,15,7,False
2021-01-18,Outdoor,2201089.7399999998,1698056.8127133115,587,98,7,False
2021-01-18,Streetwear,8824889.31,7011821.847886407,925,204,7,False
2021-01-25,Casual,348787.32,295381.1860500567,76,24,7,False
2021-01-25,GenZ,116550.43000000001,87567.81023121426,47,15,7,False
2021-01-25,Outdoor,1899703.03,1535186.0378398097,538,107,7,False
2021-01-25,Streetwear,11832813.97,9245460.077470278,1140,254,7,False
2021-02-01,Casual,459895.82,352808.8786882401,107,21,7,False
2021-02-01,GenZ,241085.51,182022.12662135204,87,21,7,False
2021-02-01,Outdoor,831970.7999999999,829311.134730095,349,66,7,False
2021-02-01,Streetwear,7221184.88,5643671.980152328,736,162,7,False
2021-02-08,Casual,454226.62,367060.9315433438,111,22,7,False
2021-02-08,GenZ,268201.47,214696.35466577194,79,15,7,False
2021-02-08,Outdoor,1283250.14,1374583.471795106,508,88,7,False
2021-02-08,Streetwear,9331767.77,7595956.235545679,987,217,7,False
2021-02-15,Casual,497110.03,421078.8282694204,108,27,7,False
2021-02-15,GenZ,256781.29,180166.77301259947,138,29,7,False
2021-02-15,Outdoor,1173081.74,1284597.2093257874,507,89,7,False
2021-02-15,Streetwear,13234383.25,10342213.16324326,1373,311,7,False
2021-02-22,Casual,747636.68,629696.6249699235,156,36,7,False
2021-02-22,GenZ,300652.36,235809.82547792242,154,36,7,False
2021-02-22,Outdoor,2011667.05,2147543.1383330952,932,161,7,False
2021-02-22,Streetwear,19972079.330000002,16018285.22436186,2191,478,7,False
2021-03-01,Casual,543599.53,449677.32480225374,119,26,7,False
2021-03-01,GenZ,334765.58,276850.15180173767,151,35,7,False
2021-03-01,Outdoor,1466190.06,1203597.5732351965,447,81,7,False
2021-03-01,Streetwear,8094319.98,6611629.258001287,979,213,7,False
2021-03-08,Casual,732476.37,615229.1693929363,168,35,7,False
2021-03-08,GenZ,657788.16,544678.3931738945,250,53,7,False
2021-03-08,Outdoor,2662592.23,2102235.4446477904,867,163,7,False
2021-03-08,Streetwear,16260875.5,12845321.932105383,1890,423,7,False
2021-03-15,Casual,1262942.54,1069524.562093343,300,59,7,False
2021-03-15,GenZ,679884.24,591275.9519636523,318,72,7,False
2021-03-15,Outdoor,2810035.76,2372551.24768523,904,162,7,False
2021-03-15,Streetwear,19639086.58,16593843.443531232,2420,543,7,False
2021-03-22,Casual,929369.24,988900.4239187008,260,60,7,False
2021-03-22,GenZ,506482.93,512145.9686579498,330,75,7,False
2021-03-22,Outdoor,2616489.69,2670987.5889600553,1083,199,7,False
2021-03-22,Streetwear,18322100.21,19049673.043075565,2821,629,7,False
2021-03-29,Casual,1305747.37,1380889.2187667338,440,108,7,False
2021-03-29,GenZ,956347.5,1025028.669391508,541,125,7,False
2021-03-29,Outdoor,4808254.18,4888678.253190272,2140,369,7,False
2021-03-29,Streetwear,32833094.14,34491890.88108943,5127,1116,7,False
2021-04-05,Casual,623108.1900000001,663300.7102561102,152,32,7,False
2021-04-05,GenZ,355202.93,351451.0555916568,224,45,7,False
2021-04-05,Outdoor,1606040.73,1658650.2640978592,657,118,7,False
2021-04-05,Streetwear,13300433.94,13601456.570498552,1802,394,7,False
2021-04-12,Casual,984686.89,1018005.4821454294,247,49,7,False
2021-04-12,GenZ,477267.49,449835.96574897383,270,64,7,False
2021-04-12,Outdoor,1646075.33,1525243.2828092012,636,116,7,False
2021-04-12,Streetwear,20506107.18,19260167.868188594,2621,574,7,False
2021-04-19,Casual,1072453.97,892597.5229240012,235,57,7,False
2021-04-19,GenZ,993818.35,772888.6756391798,394,89,7,False
2021-04-19,Outdoor,1874355.37,1461275.508851915,628,115,7,False
2021-04-19,Streetwear,21693438.73,17498576.807022892,2414,533,7,False
2021-04-26,Casual,1812389.21,1468462.1214640664,394,82,7,False
2021-04-26,GenZ,914760.49,690767.2848279078,401,91,7,False
2021-04-26,Outdoor,3266329.95,2614507.770426084,1083,175,7,False
2021-04-26,Streetwear,35033238.43,28302739.60060328,4006,882,7,False
2021-05-03,Casual,827276.42,695041.3942220873,182,38,7,False
2021-05-03,GenZ,664986.8,511575.6928860594,292,66,7,False
2021-05-03,Outdoor,1540061.38,1180368.2831703797,472,82,7,False
2021-05-03,Streetwear,15429706.34,12720208.33519046,1772,376,7,False
2021-05-10,Casual,1214802.94,1004730.4759709939,277,63,7,False
2021-05-10,GenZ,709540.34,535977.264740166,348,78,7,False
2021-05-10,Outdoor,1767308.83,1420009.0465391735,634,116,7,False
2021-05-10,Streetwear,24198451.18,19670603.916063026,2762,607,7,False
2021-05-17,Casual,1148757.11,937096.2704024334,249,56,7,False
2021-05-17,GenZ,580000.13,422432.92411086656,268,61,7,False
2021-05-17,Outdoor,2070556.3,1640063.0195032638,728,135,7,False
2021-05-17,Streetwear,25496882.72,20619113.300621666,2837,624,7,False
2021-05-24,Casual,1248232.29,1068225.890119686,255,52,7,False
2021-05-24,GenZ,759158.9299999999,607924.208983831,375,82,7,False
2021-05-24,Outdoor,3051106.75,2413907.7846441786,1093,191,7,False
2021-05-24,Streetwear,32001468.02,26208091.52715567,3519,765,7,False
2021-05-31,Casual,1454089.2,1193166.1986575534,306,63,7,False
2021-05-31,GenZ,761530.4,624226.5963630211,358,88,7,False
2021-05-31,Outdoor,3324260.4,2658862.945192949,1065,181,7,False
2021-05-31,Streetwear,28664128.49,23214227.62303715,3124,685,7,False
2021-06-07,Casual,1189397.94,1037773.4539529436,221,45,7,False
2021-06-07,GenZ,631375.8,499366.27304048906,284,62,7,False
2021-06-07,Outdoor,1576852.83,1224739.8013374498,557,98,7,False
2021-06-07,Streetwear,19717995.77,15997977.325962577,2233,492,7,False
2021-06-14,Casual,875386.86,724346.2085720306,168,34,7,False
2021-06-14,GenZ,717743.25,586172.6089901748,334,84,7,False
2021-06-14,Outdoor,1572989.16,1250659.3093465462,564,96,7,False
2021-06-14,Streetwear,24446401.91,19608194.344022293,2648,592,7,False
2021-06-21,Casual,741307.02,714438.5021490172,175,42,7,False
2021-06-21,GenZ,501798.12,475366.93739895016,282,65,7,False
2021-06-21,Outdoor,977019.89,893952.7744698861,403,78,7,False
2021-06-21,Streetwear,21725343.64,20355023.769687228,2759,619,7,False
2021-06-28,Casual,821137.26,1012212.5518542578,262,54,7,False
2021-06-28,GenZ,542956.4,629800.8271379904,383,87,7,False
2021-06-28,Outdoor,1556037.97,1845697.09405754,718,126,7,False
2021-06-28,Streetwear,18282087.61,22004652.10885276,3051,720,7,False
2021-07-05,Casual,503324.48,579963.2416019615,134,31,7,False
2021-07-05,GenZ,287741.07,330078.7052715119,186,44,7,False
2021-07-05,Outdoor,818099.46,998518.4785022927,397,70,7,False
2021-07-05,Streetwear,9901385.74,12012823.586810421,1511,337,7,False
2021-07-12,Casual,383602.37000000005,473425.645667849,109,26,7,False
2021-07-12,GenZ,432311.62,499089.44858214963,311,65,7,False
2021-07-12,Outdoor,1044997.9299999999,1229089.1539654357,492,88,7,False
2021-07-12,Streetwear,13057764.75,15694866.473423382,2025,458,7,False
2021-07-19,Casual,755665.55,745269.0683226519,162,38,7,False
2021-07-19,GenZ,518599.87,427174.27523267415,291,66,7,False
2021-07-19,Outdoor,871433.43,804029.5537415158,383,69,7,False
2021-07-19,Streetwear,18226226.84,16640039.571675308,2009,440,7,False
2021-07-26,Casual,1045295.3,841129.4756517516,212,50,7,False
2021-07-26,GenZ,790397.81,593080.8217522351,363,74,7,False
2021-07-26,Outdoor,2219873.7,1781156.330219446,783,146,7,False
2021-07-26,Streetwear,25587401.52,23889359.903723586,3060,661,7,False
2021-08-02,Casual,1056405.95,765756.2634619486,179,40,7,False
2021-08-02,GenZ,593403.72,442568.9699073137,255,54,7,False
2021-08-02,Outdoor,1321326.27,1048590.1620996033,497,90,7,False
2021-08-02,Streetwear,10079949.48,15140342.812875073,1844,402,7,False
2021-08-09,Casual,965547.84,694262.9112745159,141,30,7,False
2021-08-09,GenZ,401174.07,309970.0473115364,181,42,7,False
2021-08-09,Outdoor,1091863.66,833789.2946713676,481,82,7,False
2021-08-09,Streetwear,9073583.95,15181218.604438692,1813,403,7,False
2021-08-16,Casual,881081.18,741645.0469292534,181,37,7,False
2021-08-16,GenZ,774368.16,638519.6467903419,339,75,7,False
2021-08-16,Outdoor,1608185.77,1339687.6539550289,510,88,7,False
2021-08-16,Streetwear,9654793.59,16100972.415891856,1916,420,7,False
2021-08-23,Casual,1210011.91,981444.799372661,240,54,7,False
2021-08-23,GenZ,737806.96,582727.5151978486,368,81,7,False
2021-08-23,Outdoor,1562423.5,1269366.6960929537,535,98,7,False
2021-08-23,Streetwear,10258204.78,17547348.91931079,2139,478,7,False
2021-08-30,Casual,1560001.49,1285876.7336552558,303,59,7,False
2021-08-30,GenZ,759456.41,632541.418979618,375,81,7,False
2021-08-30,Outdoor,1460455.37,1190636.4822557436,516,98,7,False
2021-08-30,Streetwear,13709014.95,19272649.846912816,2312,505,7,False
2021-09-06,Casual,472629.14,486732.8300720757,114,24,7,False
2021-09-06,GenZ,287454.36,280613.03722060384,153,35,7,False
2021-09-06,Outdoor,1443159.56,1403419.6115885442,496,76,7,False
2021-09-06,Streetwear,10640925.65,10963638.404426858,1326,297,7,False
2021-09-13,Casual,367167.98,404181.38528955524,92,26,7,False
2021-09-13,GenZ,429825.69,416716.6208614855,234,48,7,False
2021-09-13,Outdoor,1048219.1,969633.6918814859,451,86,7,False
2021-09-13,Streetwear,11107840.28,11467386.609209644,1466,320,7,False
2021-09-20,Casual,490977.35,498515.5606695795,106,25,7,False
2021-09-20,GenZ,377258.6,371763.05386796984,200,45,7,False
2021-09-20,Outdoor,1329422.43,1294295.4784605308,515,95,7,False
2021-09-20,Streetwear,11018812.68,11122197.015279055,1379,310,7,False
2021-09-27,Casual,717887.94,710154.2078553565,158,34,7,False
2021-09-27,GenZ,302913.46,281941.13556903723,155,40,7,False
2021-09-27,Outdoor,1478198.84,1425063.1448481355,602,102,7,False
2021-09-27,Streetwear,13951747.72,13866770.882610122,1738,387,7,False
2021-10-04,Casual,492870.19,367349.68710505764,94,20,7,False
2021-10-04,GenZ,275157.9,223594.4764698046,108,23,7,False
2021-10-04,Outdoor,1246137.98,997174.6309996399,393,66,7,False
2021-10-04,Streetwear,8415673.13,7033234.297531706,898,189,7,False
2021-10-11,Casual,690586.42,527791.6428571151,123,29,7,False
2021-10-11,GenZ,325387.75,239942.97541215312,156,30,7,False
2021-10-11,Outdoor,1311431.54,1015016.2489641958,398,76,7,False
2021-10-11,Streetwear,10883564.69,9273740.923843483,1080,230,7,False
2021-10-18,Casual,460537.34,363605.65211469174,86,19,7,False
2021-10-18,GenZ,377702.71,286564.4919337331,155,30,7,False
2021-10-18,Outdoor,1496391.69,1170794.7993712274,512,99,7,False
2021-10-18,Streetwear,11415458.96,9523655.390359681,1102,237,7,False
2021-10-25,Casual,701948.31,579430.9842070442,112,28,7,False
2021-10-25,GenZ,385285.4,305662.77942530037,140,33,7,False
2021-10-25,Outdoor,1493679.4,1187251.0250635585,520,94,7,False
2021-10-25,Streetwear,14445490.65,12036988.539483065,1399,293,7,False
2021-11-01,Casual,683273.8,563987.6412120376,106,21,7,False
2021-11-01,GenZ,341232.04,282356.6209080074,116,24,7,False
2021-11-01,Outdoor,1679518.84,1370553.8743159124,536,98,7,False
2021-11-01,Streetwear,9058980.12,7582974.313053064,883,203,7,False
2021-11-08,Casual,439835.41,341019.78944239963,73,13,7,False
2021-11-08,GenZ,152992.83,122229.6159076452,59,15,7,False
2021-11-08,Outdoor,1875614.79,1500532.6413466088,551,92,7,False
2021-11-08,Streetwear,8679737.89,7410721.111618863,878,198,7,False
2021-11-15,Casual,379541.31,297820.8896008251,76,17,7,False
2021-11-15,GenZ,176003.84,136670.7743691634,80,18,7,False
2021-11-15,Outdoor,907246.7,767531.8708533549,361,65,7,False
2021-11-15,Streetwear,7195395.65,6741240.145917263,733,167,7,False
2021-11-22,Casual,345451.2,413506.79527735076,98,16,7,False
2021-11-22,GenZ,242653.57,270830.38827864605,133,29,7,False
2021-11-22,Outdoor,1235005.52,1526970.531935424,733,135,7,False
2021-11-22,Streetwear,6141741.39,7945810.326575069,910,217,7,False
2021-11-29,Casual,394711.97000000003,470709.49051008804,111,18,7,False
2021-11-29,GenZ,190455.18,219036.4945370123,135,29,7,False
2021-11-29,Outdoor,1505057.1300000001,1855373.7330632922,896,145,7,False
2021-11-29,Streetwear,5579204.69,7310721.405764797,829,186,7,False
2021-12-06,Casual,242642.62,285278.8072934447,81,17,7,False
2021-12-06,GenZ,123521.59,148381.61351188994,101,27,7,False
2021-12-06,Outdoor,1089728.82,1359368.2518618666,730,119,7,False
2021-12-06,Streetwear,4039898.5,5246842.207688266,601,129,7,False
2021-12-13,Casual,249991.38,313995.40428409295,80,19,7,False
2021-12-13,GenZ,168570.19,209099.19370052783,116,23,7,False
2021-12-13,Outdoor,1503137.08,1875747.774164705,1188,192,7,False
2021-12-13,Streetwear,5711869.64,7396859.155053953,818,182,7,False
2021-12-20,Casual,319181.74,433703.9098139461,95,23,7,False
2021-12-20,GenZ,247199.6,294163.34521331574,180,43,7,False
2021-12-20,Outdoor,2079856.35,2486129.5493188077,1476,242,7,False
2021-12-20,Streetwear,6716690.9,8667400.81999698,1008,227,7,False
2021-12-27,Casual,462136.46,566599.0000351702,148,33,7,False
2021-12-27,GenZ,186103.42,199776.3597517989,134,30,7,False
2021-12-27,Outdoor,2853237.03,3348160.2923855004,1914,307,7,False
2021-12-27,Streetwear,10251035.67,13191010.578013703,1539,330,7,False
2022-01-03,Casual,275811.26,214877.3743520862,53,13,7,False
2022-01-03,GenZ,186311.02,132388.92283489357,72,16,7,False
2022-01-03,Outdoor,1177861.05,959005.4373514949,351,61,7,False
2022-01-03,Streetwear,5896006.38,5098357.553898904,550,123,7,False
2022-01-10,Casual,614609.16,465743.7692506992,117,25,7,False
2022-01-10,GenZ,188343.91,133779.36442914125,91,20,7,False
2022-01-10,Outdoor,1336155.82,1070209.9646463965,407,78,7,False
2022-01-10,Streetwear,8918658.46,7557868.883494297,842,184,7,False
2022-01-17,Casual,526200.39,418995.1861132592,108,25,7,False
2022-01-17,GenZ,121018.87999999999,84839.5213349121,61,15,7,False
2022-01-17,Outdoor,1825459.25,1462297.1173334704,591,93,7,False
2022-01-17,Streetwear,8513479.94,7238469.030852841,814,180,7,False
2022-01-24,Casual,1244187.33,1007201.3643779224,214,43,7,False
2022-01-24,GenZ,364116.27,276279.4720264837,170,41,7,False
2022-01-24,Outdoor,1969044.03,1571825.7792368042,578,99,7,False
2022-01-24,Streetwear,13549263.86,11336882.345005475,1301,298,7,False
2022-01-31,Casual,650104.64,529019.8740122904,127,25,7,False
2022-01-31,GenZ,345104.0,298203.0021882784,125,25,7,False
2022-01-31,Outdoor,1769935.79,1442511.4347657193,523,92,7,False
2022-01-31,Streetwear,10512671.87,8677523.539802788,1013,228,7,False
2022-02-07,Casual,512228.44,398900.3872456313,86,22,7,False
2022-02-07,GenZ,335675.09,256101.76015524578,158,32,7,False
2022-02-07,Outdoor,1562373.28,1204075.4489960058,495,90,7,False
2022-02-07,Streetwear,11244214.24,9248992.359810978,1139,248,7,False
2022-02-14,Casual,996372.46,781925.9006417536,179,31,7,False
2022-02-14,GenZ,268331.58,179642.8387086014,127,30,7,False
2022-02-14,Outdoor,1972806.97,1562305.818499226,528,96,7,False
2022-02-14,Streetwear,14478352.94,12163850.679664664,1437,318,7,False
2022-02-21,Casual,1298932.0,1055566.197223723,254,45,7,False
2022-02-21,GenZ,305251.23,228132.04525719496,136,32,7,False
2022-02-21,Outdoor,2323761.98,1821038.1109974103,768,128,7,False
2022-02-21,Streetwear,21234621.05,17641885.726257153,2093,469,7,False
2022-02-28,Casual,1044156.2000000001,866952.5022819156,201,44,7,False
2022-02-28,GenZ,442734.1,345090.33701658197,183,41,7,False
2022-02-28,Outdoor,2022412.1,1634670.0495885443,632,109,7,False
2022-02-28,Streetwear,16946476.99,14188808.826653237,1697,388,7,False
2022-03-07,Casual,941690.43,752074.306922468,193,38,7,False
2022-03-07,GenZ,533209.8099999999,414015.40229525464,235,51,7,False
2022-03-07,Outdoor,2446371.56,1968180.31654214,723,126,7,False
2022-03-07,Streetwear,19324731.99,16176593.065241702,2052,438,7,False
2022-03-14,Casual,1380929.18,1196492.1972191064,289,59,7,False
2022-03-14,GenZ,558387.67,413868.737694199,269,66,7,False
2022-03-14,Outdoor,2246695.85,1883459.6100678947,710,129,7,False
2022-03-14,Streetwear,24923125.28,21472591.788404904,2666,577,7,False
2022-03-21,Casual,1209878.99,1330981.332085059,317,64,7,False
2022-03-21,GenZ,517988.36,477419.64360019413,272,67,7,False
2022-03-21,Outdoor,1987099.6099999999,2099356.237398191,871,165,7,False
2022-03-21,Streetwear,22336539.07,23727444.23497643,3094,682,7,False
2022-03-28,Casual,2483822.22,2629140.20814717,673,145,7,False
2022-03-28,GenZ,1073027.21,1091595.9678447586,618,147,7,False
2022-03-28,Outdoor,3951359.02,4116298.6266932483,1699,281,7,False
2022-03-28,Streetwear,34962366.68,37890327.42787581,5175,1134,7,False
2022-04-04,Casual,774759.55,711988.3804635435,197,40,7,False
2022-04-04,GenZ,420773.71,419111.14332344395,231,52,7,False
2022-04-04,Outdoor,1264822.22,1288321.2565099506,571,92,7,False
2022-04-04,Streetwear,13359146.11,14311734.447292114,1728,384,7,False
2022-04-11,Casual,1293046.76,1309621.9128411352,319,63,7,False
2022-04-11,GenZ,904706.34,819880.5393707232,517,111,7,False
2022-04-11,Outdoor,1810635.89,1830211.7449334506,775,133,7,False
2022-04-11,Streetwear,23068582.82,23217119.531199925,2890,655,7,False
2022-04-18,Casual,1544037.93,1268039.5324689704,325,62,7,False
2022-04-18,GenZ,720436.25,548782.5751181573,316,70,7,False
2022-04-18,Outdoor,2548371.76,2041966.866458506,840,143,7,False
2022-04-18,Streetwear,22844104.43,19075384.766807843,2509,560,7,False
2022-04-25,Casual,1946403.09,1522369.5586204093,357,79,7,False
2022-04-25,GenZ,889070.68,667545.5902728265,405,93,7,False
2022-04-25,Outdoor,3096709.58,2461647.0421558986,1011,194,7,False
2022-04-25,Streetwear,31648755.34,26282275.05427725,3377,736,7,False
2022-05-02,Casual,961287.65,762097.4961241272,205,45,7,False
2022-05-02,GenZ,563181.89,413538.94087075756,242,58,7,False
2022-05-02,Outdoor,2153535.2600000002,1740284.6804873038,721,120,7,False
2022-05-02,Streetwear,17351324.43,14291719.912586562,1918,429,7,False
2022-05-09,Casual,1163228.8900000001,919895.9210842099,228,54,7,False
2022-05-09,GenZ,738271.1,584331.1115628096,285,66,7,False
2022-05-09,Outdoor,1428859.4,1185911.2206541528,531,92,7,False
2022-05-09,Streetwear,22667852.83,18660070.079288807,2431,542,7,False
2022-05-16,Casual,1151890.56,935656.0323204023,253,52,7,False
2022-05-16,GenZ,900796.91,656345.8989800677,351,72,7,False
2022-05-16,Outdoor,1996211.71,1651259.22881666,627,128,7,False
2022-05-16,Streetwear,24536443.25,20048158.43097458,2691,615,7,False
2022-05-23,Casual,1200929.29,1006425.2702737858,233,51,7,False
2022-05-23,GenZ,878430.39,626079.6649373225,366,83,7,False
2022-05-23,Outdoor,2159294.21,1737026.1699722619,772,130,7,False
2022-05-23,Streetwear,25884967.98,21428994.883433055,2672,587,7,False
2022-05-30,Casual,1811981.47,1468431.2202403927,350,81,7,False
2022-05-30,GenZ,742466.51,542720.2140104969,351,80,7,False
2022-05-30,Outdoor,2368528.47,1843142.3504744726,805,153,7,False
2022-05-30,Streetwear,37541067.62,31186598.259963736,4069,898,7,False
2022-06-06,Casual,1126064.71,954743.8439812455,181,41,7,False
2022-06-06,GenZ,658122.98,526543.6029654269,259,58,7,False
2022-06-06,Outdoor,1248237.09,997448.9993397677,494,86,7,False
2022-06-06,Streetwear,19954322.2,16534434.367050156,2126,452,7,False
2022-06-13,Casual,1078093.21,850608.9580230277,195,42,7,False
2022-06-13,GenZ,652456.65,476434.3971053851,340,74,7,False
2022-06-13,Outdoor,1590859.97,1252885.6485325436,580,101,7,False
2022-06-13,Streetwear,25530644.85,21421204.19951805,2673,602,7,False
2022-06-20,Casual,784195.85,731601.8036532371,165,42,7,False
2022-06-20,GenZ,804784.29,675044.5930972698,417,81,7,False
2022-06-20,Outdoor,1525804.26,1316011.9320136057,583,96,7,False
2022-06-20,Streetwear,19898108.45,18247977.467239335,2267,521,7,False
2022-06-27,Casual,1353790.29,1658099.4561072963,332,68,7,False
2022-06-27,GenZ,616558.03,646749.9187369236,427,96,7,False
2022-06-27,Outdoor,1778208.58,2110068.2856656522,976,181,7,False
2022-06-27,Streetwear,22285254.09,27662956.490652025,3496,801,7,False
2022-07-04,Casual,358294.94,469291.6841135948,107,26,7,False
2022-07-04,GenZ,295111.81,345199.9398721059,208,41,7,False
2022-07-04,Outdoor,573152.86,680185.6244152416,300,50,7,False
2022-07-04,Streetwear,8314961.16,10306806.439196376,1216,277,7,False
2022-07-11,Casual,670294.36,811600.0466976943,181,45,7,False
2022-07-11,GenZ,382633.66000000003,424650.97799614526,293,69,7,False
2022-07-11,Outdoor,1026159.9,1218842.9521631724,540,94,7,False
2022-07-11,Streetwear,14638777.36,18251639.395895362,2254,480,7,False
2022-07-18,Casual,817979.64,821972.9063772773,167,38,7,False
2022-07-18,GenZ,522617.55,465949.7744353025,304,62,7,False
2022-07-18,Outdoor,1081827.59,1060909.6265521564,440,90,7,False
2022-07-18,Streetwear,18095196.58,17486871.871290274,2040,445,7,False
2022-07-25,Casual,879653.54,724805.7778261872,147,34,7,False
2022-07-25,GenZ,979735.07,736169.8978379992,447,92,7,False
2022-07-25,Outdoor,1914038.57,1550247.9882802079,631,112,7,False
2022-07-25,Streetwear,19889649.7,16342376.28660198,2156,461,7,False
2022-08-01,Casual,868314.15,678762.7178961466,151,34,7,False
2022-08-01,GenZ,801219.49,624217.6827798935,376,82,7,False
2022-08-01,Outdoor,1311536.95,1054050.991257383,528,93,7,False
2022-08-01,Streetwear,19697529.12,16335000.085832495,1986,448,7,False
2022-08-08,Casual,1246271.57,929334.9997830356,204,38,7,False
2022-08-08,GenZ,588402.4400000001,425872.3045678324,288,59,7,False
2022-08-08,Outdoor,1462187.92,1205591.1646418497,483,82,7,False
2022-08-08,Streetwear,14038450.11,11659180.94667506,1456,315,7,False
2022-08-15,Casual,657592.87,560261.4390574011,130,28,7,False
2022-08-15,GenZ,631868.64,479555.7597043676,337,73,7,False
2022-08-15,Outdoor,1333131.08,1114602.9302445217,456,88,7,False
2022-08-15,Streetwear,16880542.69,14301294.924326757,1742,403,7,False
2022-08-22,Casual,1175002.44,974652.1044917102,216,50,7,False
2022-08-22,GenZ,852863.64,653211.9902582833,395,85,7,False
2022-08-22,Outdoor,2141390.9899999998,1713034.6658299547,674,118,7,False
2022-08-22,Streetwear,19247466.94,16124637.672923516,1962,445,7,False
2022-08-29,Casual,1430555.46,1179093.6393392081,274,56,7,False
2022-08-29,GenZ,774147.39,583570.0586701143,413,91,7,False
2022-08-29,Outdoor,2002297.88,1646953.242675459,643,116,7,False
2022-08-29,Streetwear,24680484.51,21239279.236856095,2610,565,7,False
2022-09-05,Casual,601636.62,583768.3119190369,140,28,7,False
2022-09-05,GenZ,455365.31,430920.432654289,261,61,7,False
2022-09-05,Outdoor,1036307.83,1036406.0679408171,360,69,7,False
2022-09-05,Streetwear,11975359.68,12291079.293918183,1471,331,7,False
2022-09-12,Casual,562621.97,560465.9418263017,152,33,7,False
2022-09-12,GenZ,296896.21,274958.15573008015,204,52,7,False
2022-09-12,Outdoor,1526730.98,1451404.6820635374,589,95,7,False
2022-09-12,Streetwear,12340569.69,12783429.230662793,1561,341,7,False
2022-09-19,Casual,829613.28,871506.6764803022,177,40,7,False
2022-09-19,GenZ,246819.47,223987.21938719944,133,33,7,False
2022-09-19,Outdoor,1405223.46,1404100.1070307684,550,100,7,False
2022-09-19,Streetwear,12737577.37,13247393.110643582,1614,352,7,False
2022-09-26,Casual,1029239.6799999999,941260.0220517222,204,47,7,False
2022-09-26,GenZ,476198.49,459455.09177718096,223,47,7,False
2022-09-26,Outdoor,2286069.66,2217727.5283514424,759,132,7,False
2022-09-26,Streetwear,16012132.620000001,16037526.396802176,1920,429,7,False
2022-10-03,Casual,644263.53,538880.102372427,122,27,7,False
2022-10-03,GenZ,283376.42,211050.71698558258,119,26,7,False
2022-10-03,Outdoor,1052107.49,831566.7974145055,337,64,7,False
2022-10-03,Streetwear,10334998.15,8522043.560987024,1025,223,7,False
2022-10-10,Casual,744557.31,610775.1270038665,141,33,7,False
2022-10-10,GenZ,275568.1,226958.11410700413,139,31,7,False
2022-10-10,Outdoor,1413560.89,1120840.539992043,489,91,7,False
2022-10-10,Streetwear,10879554.15,9075375.85164142,1094,244,7,False
2022-10-17,Casual,546214.45,449460.9991596273,108,25,7,False
2022-10-17,GenZ,285503.01,228866.83950850254,121,28,7,False
2022-10-17,Outdoor,1711349.03,1406544.6586759815,495,89,7,False
2022-10-17,Streetwear,13730542.37,11340563.374270149,1287,281,7,False
2022-10-24,Casual,892033.96,735438.701754939,184,46,7,False
2022-10-24,GenZ,393086.06,302482.6283596267,179,40,7,False
2022-10-24,Outdoor,2043607.01,1636867.9944447377,637,120,7,False
2022-10-24,Streetwear,15501025.09,12739657.322907332,1547,346,7,False
2022-10-31,Casual,763706.51,641993.9651940707,126,30,7,False
2022-10-31,GenZ,332878.4,244963.91747814638,122,29,7,False
2022-10-31,Outdoor,1333851.15,1099702.4993871285,414,79,7,False
2022-10-31,Streetwear,11341686.11,9450034.31419306,1078,240,7,False
2022-11-07,Casual,397934.06,336192.5990005161,79,20,7,False
2022-11-07,GenZ,313650.81,233567.4560843228,106,24,7,False
2022-11-07,Outdoor,1306037.08,1080992.1133087382,478,78,7,False
2022-11-07,Streetwear,9568393.97,7855552.222871332,932,201,7,False
2022-11-14,Casual,536507.97,434889.9114652065,108,23,7,False
2022-11-14,GenZ,255542.87,206662.93106692465,113,22,7,False
2022-11-14,Outdoor,1635522.67,1377988.4859735772,618,100,7,False
2022-11-14,Streetwear,7769839.22,6877948.949744841,861,180,7,False
2022-11-21,Casual,304801.48,348332.3645120033,95,22,7,False
2022-11-21,GenZ,236386.02,294531.6624246817,155,30,7,False
2022-11-21,Outdoor,1051591.77,1253565.2290875623,668,117,7,False
2022-11-21,Streetwear,6689864.98,8723205.32279084,1031,250,7,False
2022-11-28,Casual,267981.02,310167.7719498656,86,22,7,False
2022-11-28,GenZ,157346.58000000002,185318.77323084068,89,20,7,False
2022-11-28,Outdoor,895433.11,1113746.750695846,655,114,7,False
2022-11-28,Streetwear,5688625.83,7301956.250592259,876,207,7,False
2022-12-05,Casual,311737.49,402873.481470964,84,19,7,False
2022-12-05,GenZ,195588.19,195779.40897212265,105,24,7,False
2022-12-05,Outdoor,940302.67,1135831.6961296152,660,123,7,False
2022-12-05,Streetwear,4880000.79,6387138.957844013,757,164,7,False
2022-12-12,Casual,291104.53,385543.52849304094,105,28,7,False
2022-12-12,GenZ,147453.96,173670.98350172077,123,28,7,False
2022-12-12,Outdoor,1743682.53,2112405.122660818,1342,237,7,False
2022-12-12,Streetwear,6485035.74,8494912.913575374,960,214,7,False
2022-12-19,Casual,390770.43,491953.2489564515,138,30,7,False
2022-12-19,GenZ,177167.71,202776.1627903701,163,34,7,False
2022-12-19,Outdoor,1917484.81,2339085.189441622,1574,277,7,False
2022-12-19,Streetwear,6030282.72,7604741.679407889,899,209,7,False
2022-12-26,Casual,734903.2,912733.8930111883,205,42,6,True
2022-12-26,GenZ,263663.01,319769.82066781877,164,36,6,True
2022-12-26,Outdoor,2247643.03,2747857.568546863,1611,270,6,True
2022-12-26,Streetwear,8429601.7,10669498.282138953,1295,281,6,True
